;;;;;;;;;;;;;;
Zambezi River Authority;;;;;;;;;;;;;;
Annual Report of Daily Data: Daily Flow;;;;;;;;;;;;;;
;;;;;;;;;;;;;;
;;;;;;;;;;;;;;
Station Number : 130400         ;Year: 1990/1991;;;;;;;;;;;;;
Station Name : 1-105 Zambezi At Chavuma Mission (130400);;;;;;;;;;;;;;
Time-Series Type : Flow (cumecs);;;;;;;;;;;;;;
;;;;;;;;;;;;;;
;;Oct  ;Nov  ;Dec  ;Jan  ;Feb  ;Mar  ;Apr  ;May  ;Jun  ;Jul  ;Aug  ;Sep  ;
;;;;;;;;;;;;;;
1;;-;61;84;182;1314;1467;1134;690;272;155;100;63;
2;;-;61;90;190;1336;1486;1122;671;269;152;99;61;
3;;-;62;96;192;1353;1482;1115;649;266;150;98;60;
4;;-;63;102;199;1374;1464;1103;624;265;148;96;59;
5;;-;63;100;207;1435;1424;1094;611;260;146;96;59;
6;;-;57;105;228;1581;1398;1112;586;255;143;94;57;
7;;-;53;107;254;1740;1378;1157;571;246;141;91;57;
8;;-;55;107;301;1867;1361;1219;557;244;138;91;55;
9;;-;53;110;344;1983;1330;1274;538;236;137;91;55;
10;;-;53;115;365;2065;1256;1302;521;230;134;89;55;
11;;-;51;119;377;2100;1196;1298;505;227;132;89;53;
12;;-;50;124;381;2141;1165;1278;487;223;129;88;52;
13;;-;50;126;380;2138;1149;1243;474;219;126;86;51;
14;;-;49;131;391;2127;1138;1203;458;214;124;86;49;
15;;-;49;134;405;2114;1126;1168;443;210;123;84;49;
16;;-;50;140;440;2123;1125;1126;428;206;121;81;49;
17;;-;53;145;487;2142;1166;1081;415;201;121;81;49;
18;;-;52;155;540;2163;1171;1037;405;197;119;81;48;
19;;-;52;156;585;2173;1201;1010;391;192;118;81;47;
20;;-;52;163;626;2173;1189;971;381;190;115;79;47;
21;;-;55;170;661;2152;1200;933;368;187;115;79;47;
22;;-;59;173;686;2095;1226;901;353;183;114;77;47;
23;;-;64;175;715;1997;1239;870;338;179;112;74;47;
24;;-;67;176;758;1868;1242;850;331;175;110;72;47;
25;;-;70;173;816;1730;1242;821;320;172;107;72;47;
26;;-;74;170;872;1606;1228;800;307;170;107;70;47;
27;;-;74;172;968;1506;1219;777;298;167;107;68;46;
28;;-;76;180;1060;1471;1207;754;289;165;107;65;45;
29;;-;78;180;1104;         ;1195;733;286;160;104;65;45;
30;;-;80;180;1150;         ;1165;714;280;157;104;63;43;
31;;-;         ;180;1262;         ;1149;         ;274;         ;102;63;         ;
;;;;;;;;;;;;;;
;;;;;;;;;;;;;;
Station Number : 130400         ;Year: 1991/1992;;;;;;;;;;;;;
Station Name : 1-105 Zambezi At Chavuma Mission (130400);;;;;;;;;;;;;;
Time-Series Type : Flow (cumecs);;;;;;;;;;;;;;
;;;;;;;;;;;;;;
;;Oct  ;Nov  ;Dec  ;Jan  ;Feb  ;Mar  ;Apr  ;May  ;Jun  ;Jul  ;Aug  ;Sep  ;
;;;;;;;;;;;;;;
1;;43;51;107;313;598;711;680;479;229;124;-;-;
2;;43;53;107;331;623;698;693;465;225;122;-;-;
3;;42;55;107;350;644;681;703;450;221;119;-;-;
4;;42;55;107;377;666;670;699;438;217;115;-;-;
5;;42;56;108;401;713;653;698;428;215;114;-;-;
6;;41;59;113;425;764;638;695;415;212;111;-;-;
7;;40;60;117;446;822;629;690;406;208;109;-;-;
8;;39;63;123;473;857;617;695;396;204;109;-;-;
9;;38;63;128;487;874;606;695;388;201;109;-;-;
10;;38;64;131;498;894;603;689;377;196;107;-;-;
11;;38;68;132;510;918;597;689;370;192;107;-;-;
12;;38;70;134;519;935;594;689;361;188;104;-;-;
13;;38;70;135;527;940;597;683;347;190;104;-;-;
14;;36;72;137;532;946;591;680;333;181;102;-;-;
15;;36;74;140;541;953;588;677;320;180;100;-;-;
16;;36;76;146;548;953;594;676;309;177;99;-;-;
17;;37;77;150;549;949;602;668;303;175;99;-;-;
18;;38;77;152;562;935;589;659;297;172;96;-;-;
19;;38;78;156;555;912;591;653;290;170;96;-;-;
20;;39;79;164;546;904;601;647;286;167;94;-;-;
21;;42;84;175;541;887;622;635;282;164;92;-;-;
22;;43;86;182;535;867;635;617;276;162;91;-;-;
23;;46;86;192;535;847;644;603;271;159;91;-;-;
24;;47;88;204;541;835;661;591;266;155;89;-;-;
25;;51;89;216;552;807;668;574;263;149;87;-;-;
26;;57;91;228;563;787;668;560;259;146;86;-;-;
27;;49;94;238;571;768;664;538;252;140;84;-;-;
28;;49;97;257;572;746;659;529;246;135;84;-;-;
29;;51;99;270;577;732;665;513;244;131;81;-;-;
30;;51;103;284;583;         ;676;497;238;128;81;-;-;
31;;51;         ;295;588;         ;677;         ;234;         ;79;-;         ;
;;;;;;;;;;;;;;
;;;;;;;;;;;;;;
Station Number : 130400         ;Year: 1992/1993;;;;;;;;;;;;;
Station Name : 1-105 Zambezi At Chavuma Mission (130400);;;;;;;;;;;;;;
Time-Series Type : Flow (cumecs);;;;;;;;;;;;;;
;;;;;;;;;;;;;;
;;Oct  ;Nov  ;Dec  ;Jan  ;Feb  ;Mar  ;Apr  ;May  ;Jun  ;Jul  ;Aug  ;Sep  ;
;;;;;;;;;;;;;;
1;;28;36;61;128;348;1181;3180;1296;394;-;-;63;
2;;28;36;63;132;368;1253;3220;1088;386;-;-;61;
3;;28;38;63;134;393;1278;3231;1036;362;-;-;61;
4;;28;39;65;137;413;1272;3267;995;348;-;-;60;
5;;27;41;67;140;443;1262;3303;959;335;-;-;58;
6;;27;42;68;141;473;1292;3340;926;321;-;-;57;
7;;26;42;68;141;491;1354;3387;896;308;-;-;57;
8;;25;42;68;140;499;1441;3436;860;299;-;-;57;
9;;24;42;66;143;521;1485;3413;825;-;-;-;56;
10;;24;42;65;146;541;1497;3308;803;-;-;-;55;
11;;24;42;67;150;566;1533;3115;776;-;-;98;54;
12;;24;43;70;151;597;1572;3001;747;-;-;96;53;
13;;24;43;78;152;638;1589;2943;728;-;-;93;52;
14;;24;43;84;155;691;1579;2832;709;-;-;91;50;
15;;24;44;86;157;767;1559;2685;691;-;-;89;49;
16;;24;43;88;160;821;1548;2504;671;-;-;88;49;
17;;24;42;89;165;879;1587;2322;650;-;-;86;49;
18;;24;42;91;172;936;1643;2175;634;-;-;86;49;
19;;24;42;93;177;985;1643;1994;611;-;-;85;49;
20;;24;41;100;183;1021;1632;1813;588;-;-;84;48;
21;;24;40;104;192;1077;1614;1888;566;-;-;84;47;
22;;25;40;104;204;1070;1622;1791;546;-;-;83;47;
23;;26;41;104;211;1073;1702;1705;532;-;-;81;45;
24;;28;42;104;226;1069;1804;1612;512;-;-;78;45;
25;;29;45;107;245;1063;1890;1520;496;-;-;76;45;
26;;30;51;107;255;1073;1979;1433;480;-;-;74;43;
27;;32;55;110;277;1084;2084;1342;464;-;-;71;43;
28;;33;57;112;288;1096;2222;1291;449;-;-;69;43;
29;;34;57;116;300;         ;2445;1256;434;-;-;67;44;
30;;35;59;121;310;         ;2755;-;419;-;-;65;45;
31;;35;         ;125;337;         ;3019;         ;404;         ;-;63;         ;
;;;;;;;;;;;;;;
;;;;;;;;;;;;;;
Station Number : 130400         ;Year: 1993/1994;;;;;;;;;;;;;
Station Name : 1-105 Zambezi At Chavuma Mission (130400);;;;;;;;;;;;;;
Time-Series Type : Flow (cumecs);;;;;;;;;;;;;;
;;;;;;;;;;;;;;
;;Oct  ;Nov  ;Dec  ;Jan  ;Feb  ;Mar  ;Apr  ;May  ;Jun  ;Jul  ;Aug  ;Sep  ;
;;;;;;;;;;;;;;
1;;45;40;104;183;768;1243;-;297;166;104;74;53;
2;;43;40;104;187;758;1276;-;293;163;104;73;53;
3;;43;38;104;190;758;1361;-;289;160;104;74;52;
4;;43;38;104;196;758;1525;-;285;158;103;74;51;
5;;42;38;104;204;761;1695;-;281;153;101;72;51;
6;;42;36;104;208;764;1762;-;277;150;95;71;50;
7;;42;36;104;214;764;1789;-;273;148;90;70;49;
8;;42;36;107;219;765;1794;-;269;147;98;70;49;
9;;41;38;107;219;771;1727;-;265;144;96;69;47;
10;;40;40;107;219;780;1643;-;262;141;93;68;45;
11;;40;40;107;220;788;1596;-;260;140;91;68;45;
12;;40;40;107;214;814;1544;-;257;138;91;67;45;
13;;40;43;107;224;869;1492;-;253;135;90;65;45;
14;;40;47;109;232;897;1426;-;249;132;89;65;44;
15;;40;48;109;246;908;1342;-;245;129;89;65;43;
16;;40;54;111;269;918;1294;-;241;129;88;63;43;
17;;40;59;117;281;922;1227;-;237;127;86;63;43;
18;;39;63;118;283;925;1170;-;232;126;86;63;42;
19;;38;72;122;309;934;1141;-;225;-;85;63;42;
20;;38;74;126;429;1018;1099;-;218;-;84;63;42;
21;;38;77;129;621;1099;1051;-;213;-;84;61;41;
22;;36;79;129;511;1123;1007;-;206;-;83;60;41;
23;;36;80;130;553;1145;968;-;201;-;81;59;42;
24;;36;84;132;580;1165;947;-;199;-;81;58;42;
25;;36;87;137;624;1195;-;-;193;-;81;57;42;
26;;36;91;145;683;1211;-;-;189;-;79;56;41;
27;;38;93;155;731;1220;-;-;186;-;79;55;41;
28;;39;96;162;755;1237;-;-;183;-;78;55;41;
29;;41;99;168;770;         ;-;-;178;-;77;55;40;
30;;42;101;175;771;         ;-;-;173;-;76;55;41;
31;;41;         ;180;774;         ;-;         ;171;         ;74;54;         ;
;;;;;;;;;;;;;;
;;;;;;;;;;;;;;
Station Number : 130400         ;Year: 1994/1995;;;;;;;;;;;;;
Station Name : 1-105 Zambezi At Chavuma Mission (130400);;;;;;;;;;;;;;
Time-Series Type : Flow (cumecs);;;;;;;;;;;;;;
;;;;;;;;;;;;;;
;;Oct  ;Nov  ;Dec  ;Jan  ;Feb  ;Mar  ;Apr  ;May  ;Jun  ;Jul  ;Aug  ;Sep  ;
;;;;;;;;;;;;;;
1;;35;38;51;129;221;1526;1096;379;176;105;74;47;
2;;35;41;52;129;223;1531;1062;361;173;104;73;46;
3;;35;42;54;131;229;1535;1032;351;170;103;72;45;
4;;35;43;56;134;234;1545;996;338;165;101;72;45;
5;;35;46;59;138;239;1566;962;327;162;101;71;43;
6;;35;47;62;138;242;1592;945;318;160;100;69;43;
7;;35;47;66;140;242;1614;905;309;156;99;68;42;
8;;35;48;71;141;252;1632;867;299;152;98;68;42;
9;;35;47;72;144;265;1646;837;292;149;95;68;41;
10;;35;47;76;145;278;1668;806;282;146;94;68;40;
11;;35;47;79;147;328;1672;778;276;144;92;66;39;
12;;35;49;82;151;364;1658;758;270;143;91;65;38;
13;;35;48;83;155;411;1619;732;262;140;91;65;38;
14;;35;48;85;160;474;1583;705;255;137;90;63;38;
15;;36;48;88;166;553;1539;686;248;135;89;62;37;
16;;36;47;90;170;609;1487;664;244;132;89;61;36;
17;;39;47;92;173;659;1433;638;238;128;87;61;36;
18;;40;47;91;176;708;1390;614;234;126;86;61;36;
19;;39;47;92;179;752;1352;591;228;126;85;60;36;
20;;37;47;93;191;811;1312;566;223;125;84;59;36;
21;;37;47;95;192;898;1283;546;217;122;84;58;36;
22;;38;47;98;196;1052;1252;524;212;119;83;57;36;
23;;37;46;101;201;1209;1230;508;207;118;81;57;36;
24;;39;47;103;203;1311;1193;487;204;116;81;55;35;
25;;38;47;107;201;1385;1185;468;199;115;80;55;35;
26;;38;48;113;199;1440;1199;450;196;115;79;54;35;
27;;38;48;115;201;1491;1188;433;194;114;79;52;35;
28;;38;50;114;205;1513;1176;420;189;111;78;51;35;
29;;38;50;119;211;         ;1161;404;185;109;77;50;35;
30;;38;50;121;225;         ;1145;391;182;108;75;49;35;
31;;38;         ;126;224;         ;1126;         ;178;         ;74;49;         ;
;;;;;;;;;;;;;;
;;;;;;;;;;;;;;
Station Number : 130400         ;Year: 1995/1996;;;;;;;;;;;;;
Station Name : 1-105 Zambezi At Chavuma Mission (130400);;;;;;;;;;;;;;
Time-Series Type : Flow (cumecs);;;;;;;;;;;;;;
;;;;;;;;;;;;;;
;;Oct  ;Nov  ;Dec  ;Jan  ;Feb  ;Mar  ;Apr  ;May  ;Jun  ;Jul  ;Aug  ;Sep  ;
;;;;;;;;;;;;;;
1;;35;33;45;93;153;546;800;418;187;112;79;55;
2;;35;33;46;95;151;567;796;407;185;111;79;54;
3;;35;34;47;97;148;598;789;389;180;109;78;53;
4;;34;33;49;98;147;612;772;379;179;108;77;53;
5;;33;33;51;101;149;641;764;365;176;107;76;52;
6;;33;34;51;105;149;658;754;354;172;107;74;51;
7;;33;35;51;108;148;677;734;344;169;103;74;50;
8;;32;35;53;111;147;710;732;332;166;101;74;48;
9;;31;33;53;114;149;730;724;326;163;101;74;47;
10;;31;33;62;120;154;748;720;310;162;99;72;47;
11;;32;33;63;142;162;748;708;300;159;99;71;47;
12;;33;33;63;126;167;737;695;290;156;98;70;47;
13;;32;33;65;128;172;735;683;284;153;96;69;45;
14;;30;35;64;131;180;727;665;276;150;94;68;44;
15;;30;35;65;132;190;726;652;268;147;94;68;43;
16;;30;35;65;135;199;729;636;262;144;94;67;44;
17;;31;35;65;141;225;733;622;255;141;91;65;43;
18;;30;35;66;144;257;739;600;250;140;90;65;43;
19;;29;35;68;146;275;739;583;244;138;89;65;43;
20;;29;35;69;146;293;739;571;238;135;88;63;42;
21;;28;35;72;150;321;739;558;232;132;86;63;42;
22;;27;36;77;149;354;739;546;227;129;87;61;42;
23;;27;38;79;151;393;752;530;221;127;88;61;43;
24;;28;37;79;153;416;768;516;215;126;86;61;44;
25;;28;38;79;151;432;787;495;212;124;86;60;43;
26;;28;38;80;152;446;803;481;207;123;85;59;42;
27;;28;39;83;151;469;823;468;203;120;84;58;42;
28;;28;42;84;152;502;830;455;199;118;84;57;41;
29;;29;44;86;151;526;829;445;196;-;83;57;40;
30;;30;44;90;150;         ;823;431;192;-;81;56;39;
31;;31;         ;93;149;         ;810;         ;189;         ;81;55;         ;
;;;;;;;;;;;;;;
;;;;;;;;;;;;;;
Station Number : 130400         ;Year: 1996/1997;;;;;;;;;;;;;
Station Name : 1-105 Zambezi At Chavuma Mission (130400);;;;;;;;;;;;;;
Time-Series Type : Flow (cumecs);;;;;;;;;;;;;;
;;;;;;;;;;;;;;
;;Oct  ;Nov  ;Dec  ;Jan  ;Feb  ;Mar  ;Apr  ;May  ;Jun  ;Jul  ;Aug  ;Sep  ;
;;;;;;;;;;;;;;
1;;38;31;60;153;430;882;1044;817;310;175;111;-;
2;;37;32;62;159;443;914;1039;790;307;173;109;-;
3;;37;35;66;163;456;933;1072;763;297;169;109;-;
4;;36;36;70;168;476;963;1097;731;292;166;107;-;
5;;36;38;71;174;508;996;1151;717;286;163;105;-;
6;;36;38;75;183;535;1027;1217;687;280;160;103;-;
7;;36;38;76;192;552;1060;1235;665;276;157;100;-;
8;;35;39;80;199;571;1083;1263;652;271;154;96;-;
9;;33;40;80;208;587;1110;1300;629;264;151;91;-;
10;;31;41;83;216;620;1156;1365;608;258;149;91;-;
11;;30;41;87;230;652;1219;1427;580;257;147;91;-;
12;;31;41;88;236;685;1262;1469;565;250;147;89;-;
13;;32;42;90;236;712;1295;1479;546;246;146;87;-;
14;;30;43;93;238;745;1321;1477;527;242;142;86;-;
15;;31;45;100;240;761;1327;1453;508;236;140;85;-;
16;;29;49;98;244;770;1321;1408;487;232;137;84;-;
17;;28;49;103;246;767;1299;1364;469;228;135;84;-;
18;;30;47;108;253;762;1283;1311;453;223;132;-;-;
19;;29;47;110;257;770;1267;1263;440;217;132;-;-;
20;;27;50;113;264;768;1255;1223;425;214;131;-;-;
21;;26;51;113;281;774;1250;1176;411;210;129;-;-;
22;;25;49;116;293;781;1235;1138;400;206;128;-;-;
23;;25;52;119;306;781;1219;1100;387;203;125;-;-;
24;;24;52;121;325;788;1199;1062;377;199;124;-;-;
25;;24;53;131;349;812;1168;1029;365;195;124;-;-;
26;;24;51;138;367;827;1142;986;356;190;122;-;-;
27;;25;54;138;377;846;1120;953;347;187;120;-;-;
28;;30;58;140;401;863;1087;915;340;187;118;-;-;
29;;31;58;144;418;         ;1064;881;329;182;116;-;-;
30;;33;59;148;420;         ;1046;852;322;178;114;-;-;
31;;32;         ;152;421;         ;1042;         ;318;         ;112;-;         ;
;;;;;;;;;;;;;;
;;;;;;;;;;;;;;
Station Number : 130400         ;Year: 1997/1998;;;;;;;;;;;;;
Station Name : 1-105 Zambezi At Chavuma Mission (130400);;;;;;;;;;;;;;
Time-Series Type : Flow (cumecs);;;;;;;;;;;;;;
;;;;;;;;;;;;;;
;;Oct  ;Nov  ;Dec  ;Jan  ;Feb  ;Mar  ;Apr  ;May  ;Jun  ;Jul  ;Aug  ;Sep  ;
;;;;;;;;;;;;;;
1;;-;-;81;261;3785;3294;2469;1199;-;236;152;98;
2;;-;-;84;274;4015;3558;2663;1150;-;234;151;95;
3;;-;36;85;290;4173;3869;2882;1114;-;230;149;94;
4;;-;37;87;309;4229;4160;3040;1074;-;227;147;92;
5;;-;38;89;327;4199;4350;3159;1040;-;223;145;90;
6;;-;36;89;353;4029;4496;3213;1000;-;219;143;87;
7;;-;36;94;392;3804;4549;3207;967;-;219;141;86;
8;;-;38;96;403;3547;4558;3129;932;-;214;138;86;
9;;-;38;98;416;3266;4544;3004;901;349;212;137;85;
10;;-;38;103;437;3012;4512;2833;871;342;210;135;84;
11;;-;38;105;451;2738;4409;2657;846;338;206;132;81;
12;;-;38;108;471;2514;4292;2463;753;327;201;130;81;
13;;-;40;115;497;2295;4317;2294;659;318;201;129;79;
14;;-;41;119;519;2124;4416;2154;635;312;197;127;78;
15;;-;43;122;549;1996;4434;2009;614;309;194;126;74;
16;;-;46;128;580;1926;4342;1878;597;301;192;122;74;
17;;-;47;131;618;1877;4223;1778;566;296;189;121;74;
18;;-;48;134;682;1927;4035;1696;501;292;187;120;72;
19;;-;48;141;748;2036;3831;1599;487;286;184;118;72;
20;;-;52;146;834;2111;3613;1544;481;282;182;118;72;
21;;-;54;154;935;2145;3430;1517;478;278;180;116;70;
22;;-;56;160;1037;2212;3270;1488;471;272;177;115;68;
23;;-;58;165;1180;2332;3083;1447;455;269;175;112;67;
24;;-;60;178;1281;2445;2859;1431;431;264;170;110;65;
25;;-;64;187;1429;2542;2721;1411;418;259;170;109;64;
26;;-;65;192;1613;2645;2637;1393;410;256;167;107;63;
27;;-;64;199;1835;2827;2543;1364;395;253;165;104;61;
28;;-;73;208;2048;3002;2504;1327;382;248;162;104;61;
29;;-;78;222;2387;         ;2481;1276;368;244;160;104;61;
30;;-;79;236;2849;         ;2431;1238;354;242;158;99;61;
31;;-;         ;246;3382;         ;2430;         ;-;         ;154;99;         ;
;;;;;;;;;;;;;;
;;;;;;;;;;;;;;
Station Number : 130400         ;Year: 1998/1999;;;;;;;;;;;;;
Station Name : 1-105 Zambezi At Chavuma Mission (130400);;;;;;;;;;;;;;
Time-Series Type : Flow (cumecs);;;;;;;;;;;;;;
;;;;;;;;;;;;;;
;;Oct  ;Nov  ;Dec  ;Jan  ;Feb  ;Mar  ;Apr  ;May  ;Jun  ;Jul  ;Aug  ;Sep  ;
;;;;;;;;;;;;;;
1;;59;43;88;210;1218;1705;2770;1073;401;201;120;72;
2;;59;43;88;218;1274;1661;2917;1049;390;199;118;70;
3;;58;43;88;223;1331;1608;3019;1010;381;195;117;69;
4;;58;44;86;228;1384;1564;3098;972;373;190;115;68;
5;;58;45;93;245;1421;1522;3160;928;364;187;112;67;
6;;59;46;95;256;1454;1497;3213;895;355;184;110;65;
7;;59;47;96;268;1471;1496;3275;864;332;180;107;65;
8;;59;47;96;286;1491;1555;3347;835;324;177;107;63;
9;;58;47;97;308;1514;1668;3445;806;316;175;106;63;
10;;57;49;100;321;1536;1759;3514;780;309;171;104;62;
11;;56;52;103;337;1565;1864;3530;758;301;168;102;60;
12;;55;54;109;348;1627;1936;3487;732;297;165;100;57;
13;;54;57;115;363;1691;1929;3360;710;290;162;98;57;
14;;53;59;118;378;1733;1893;3193;692;284;161;96;57;
15;;53;59;127;411;1794;1851;2988;669;277;158;94;57;
16;;52;60;129;473;1857;1802;2781;651;272;156;92;56;
17;;52;65;132;532;1884;1763;2570;633;267;155;91;55;
18;;50;66;135;568;1876;1745;2369;612;261;151;89;55;
19;;48;66;142;598;1865;1743;2179;593;255;148;89;53;
20;;48;65;149;641;1838;1769;1991;575;249;145;87;53;
21;;47;67;159;670;1788;1788;1834;557;245;143;86;53;
22;;46;73;164;701;1747;1815;1721;540;240;141;84;52;
23;;46;76;168;747;1706;1835;1600;523;235;140;82;51;
24;;44;75;177;796;1693;1849;1506;506;230;137;80;50;
25;;43;74;188;847;1705;1937;1419;489;226;134;79;49;
26;;43;74;193;892;1729;2095;1354;473;221;132;78;48;
27;;42;74;193;947;1741;2247;1287;459;217;130;77;48;
28;;43;83;196;1017;1732;2371;1227;446;214;128;76;47;
29;;44;88;198;1073;         ;2453;1176;433;209;127;74;47;
30;;44;89;202;1113;         ;2522;1129;421;205;125;74;46;
31;;43;         ;206;1160;         ;2628;         ;411;         ;122;73;         ;
;;;;;;;;;;;;;;
;;;;;;;;;;;;;;
Station Number : 130400         ;Year: 1999/2000;;;;;;;;;;;;;
Station Name : 1-105 Zambezi At Chavuma Mission (130400);;;;;;;;;;;;;;
Time-Series Type : Flow (cumecs);;;;;;;;;;;;;;
;;;;;;;;;;;;;;
;;Oct  ;Nov  ;Dec  ;Jan  ;Feb  ;Mar  ;Apr  ;May  ;Jun  ;Jul  ;Aug  ;Sep  ;
;;;;;;;;;;;;;;
1;;45;53;69;123;248;490;1927;837;305;-;99;62;
2;;45;54;71;125;263;509;1994;808;298;-;98;61;
3;;45;55;72;123;269;523;2006;778;292;-;96;60;
4;;46;55;71;125;272;540;2012;753;284;-;94;60;
5;;47;56;73;127;280;584;2059;730;278;-;93;58;
6;;49;55;76;126;283;652;2110;703;271;-;91;58;
7;;51;55;80;127;290;762;2117;678;266;-;89;57;
8;;52;55;83;137;304;866;2102;657;261;-;89;56;
9;;54;55;84;145;302;923;2061;635;256;-;88;56;
10;;55;55;86;149;304;983;2000;611;252;-;86;55;
11;;58;54;88;153;307;1078;1934;591;246;-;85;54;
12;;58;57;89;153;304;1207;1868;572;242;-;83;52;
13;;56;57;89;155;299;1382;1803;551;237;-;82;52;
14;;55;58;89;159;308;1662;1732;534;231;-;80;53;
15;;54;58;90;160;323;2021;1658;516;228;-;79;52;
16;;54;59;94;162;337;2284;1587;498;222;-;79;52;
17;;54;59;102;165;342;2453;1520;486;219;-;78;52;
18;;54;60;102;166;351;2540;1462;468;214;-;76;51;
19;;53;60;106;165;372;2526;1399;453;210;-;75;50;
20;;53;61;111;165;383;2438;1355;441;206;-;74;49;
21;;53;62;114;171;389;2314;1288;427;201;-;74;49;
22;;53;62;116;177;406;2190;1241;421;198;-;72;48;
23;;52;62;117;183;439;2074;1194;-;193;-;71;48;
24;;51;61;117;190;458;2012;1143;-;191;-;70;48;
25;;49;60;118;197;471;1979;1088;-;187;-;69;47;
26;;49;61;119;203;473;1885;1042;-;183;-;67;47;
27;;48;65;119;210;475;1673;995;-;179;-;66;46;
28;;48;66;120;217;477;1649;939;-;176;-;65;45;
29;;48;67;120;224;480;1817;908;-;172;-;64;45;
30;;51;69;122;230;         ;1827;873;-;169;-;63;45;
31;;51;         ;122;237;         ;1871;         ;-;         ;-;63;         ;
;;;;;;;;;;;;;;
;;;;;;;;;;;;;;
Station Number : 130400         ;Year: 2000/2001;;;;;;;;;;;;;
Station Name : 1-105 Zambezi At Chavuma Mission (130400);;;;;;;;;;;;;;
Time-Series Type : Flow (cumecs);;;;;;;;;;;;;;
;;;;;;;;;;;;;;
;;Oct  ;Nov  ;Dec  ;Jan  ;Feb  ;Mar  ;Apr  ;May  ;Jun  ;Jul  ;Aug  ;Sep  ;
;;;;;;;;;;;;;;
1;;44;38;64;423;1214;1988;2555;1321;490;276;168;110;
2;;43;38;63;440;1260;1959;2708;1269;476;270;167;108;
3;;43;38;63;453;1320;1928;2995;1225;466;267;164;107;
4;;42;42;67;469;1418;1906;3259;1178;455;263;162;105;
5;;42;48;71;484;1541;1885;3507;1134;446;260;160;105;
6;;41;55;76;504;1639;1870;3664;1094;437;254;158;103;
7;;40;55;81;523;1740;1840;3734;1063;424;250;152;101;
8;;38;54;89;555;1793;1809;3755;1024;417;246;151;101;
9;;38;53;103;612;1844;1797;3731;991;410;243;148;100;
10;;47;53;100;637;1867;1782;3708;968;401;238;147;98;
11;;45;53;110;648;1882;1791;3657;934;394;233;145;98;
12;;44;53;121;657;1883;1785;3608;915;385;230;143;97;
13;;42;52;129;656;1849;1791;3532;884;377;227;141;96;
14;;43;54;138;653;1851;1774;3417;854;370;223;139;94;
15;;42;56;145;660;1902;1735;3272;830;361;221;137;95;
16;;42;56;149;662;1927;1715;3107;802;356;215;135;93;
17;;41;55;157;661;1934;1730;2917;776;352;212;133;92;
18;;41;53;164;666;1940;1807;2710;757;345;208;132;91;
19;;41;53;168;672;1964;1881;2519;734;339;205;129;90;
20;;41;52;173;695;1996;1960;2349;713;330;205;127;88;
21;;40;52;180;703;2037;2044;2176;688;328;199;126;87;
22;;40;53;208;739;2041;2105;2025;666;321;194;124;86;
23;;40;52;221;822;2045;2143;1889;650;316;192;124;88;
24;;40;52;250;857;2058;2168;1774;625;310;189;121;89;
25;;39;52;311;876;2063;2225;1693;606;306;187;120;88;
26;;39;54;338;896;2057;2281;1620;584;299;183;119;86;
27;;38;56;358;960;2027;2325;1564;567;294;182;117;86;
28;;38;57;356;1003;2011;2370;1493;549;290;178;115;84;
29;;37;59;371;1049;;2401;1396;533;285;175;114;83;
30;;38;63;384;1083;;2435;1380;515;280;173;113;81;
31;;38;;403;1139;;2480;;503;;171;112;;
;;;;;;;;;;;;;;
;;;;;;;;;;;;;;
Station Number : 130400         ;Year: 2001/2002;;;;;;;;;;;;;
Station Name : 1-105 Zambezi At Chavuma Mission (130400);;;;;;;;;;;;;;
Time-Series Type : Flow (cumecs);;;;;;;;;;;;;;
;;;;;;;;;;;;;;
;;Oct  ;Nov  ;Dec  ;Jan  ;Feb  ;Mar  ;Apr  ;May  ;Jun  ;Jul  ;Aug  ;Sep  ;
;;;;;;;;;;;;;;
1;;80;58;174;311;567;1281;1378;1161;447;245;146;95;
2;;78;60;178;311;585;1256;1451;1139;435;240;142;92;
3;;77;63;185;310;592;1247;1535;1115;423;236;141;90;
4;;75;65;184;308;654;1217;1601;1085;413;231;139;90;
5;;75;71;185;312;662;1177;1646;1057;404;227;136;90;
6;;74;70;189;314;715;1139;1659;1029;395;225;133;90;
7;;72;72;191;318;739;1111;1650;995;386;222;131;89;
8;;71;75;192;321;769;1079;1597;965;379;217;129;88;
9;;68;80;198;323;819;1051;1559;934;371;213;126;86;
10;;67;83;198;323;849;1032;1508;913;365;208;124;85;
11;;67;85;199;326;869;1044;1457;880;356;205;122;85;
12;;65;89;200;338;894;1046;1438;853;352;202;121;85;
13;;64;89;203;345;924;1034;1412;827;349;198;119;84;
14;;63;89;208;348;949;1031;1386;799;342;195;116;83;
15;;62;97;220;360;976;1047;1348;772;336;192;115;82;
16;;61;106;226;363;1057;1061;1318;747;327;189;114;80;
17;;60;109;228;376;1144;1088;1322;724;322;186;113;79;
18;;59;108;231;385;1259;1120;1297;698;314;183;111;79;
19;;58;109;243;403;1390;1138;1284;674;309;179;110;78;
20;;56;111;252;417;1456;1141;1271;651;302;177;108;77;
21;;56;122;254;430;1486;1136;1249;637;296;175;106;75;
22;;56;126;258;438;1483;1140;1235;614;290;172;104;75;
23;;55;129;259;446;1462;1138;1228;593;285;169;104;73;
24;;54;132;262;450;1423;1125;1228;574;281;166;103;73;
25;;54;138;265;463;1377;1125;1226;555;275;164;101;74;
26;;54;143;274;471;1357;1140;1226;547;270;161;100;71;
27;;54;150;279;502;1315;1158;1219;517;265;158;98;71;
28;;55;161;285;517;1297;1176;1209;501;256;155;98;71;
29;;58;165;299;535;;1206;1192;485;254;152;97;70;
30;;58;169;305;544;;1256;1177;475;250;152;97;69;
31;;57;;310;552;;1311;;459;;148;95;;
;;;;;;;;;;;;;;
;;;;;;;;;;;;;;
Station Number : 130400         ;Year: 2002/2003;;;;;;;;;;;;;
Station Name : 1-105 Zambezi At Chavuma Mission (130400);;;;;;;;;;;;;;
Time-Series Type : Flow (cumecs);;;;;;;;;;;;;;
;;;;;;;;;;;;;;
;;Oct  ;Nov  ;Dec  ;Jan  ;Feb  ;Mar  ;Apr  ;May  ;Jun  ;Jul  ;Aug  ;Sep  ;
;;;;;;;;;;;;;;
1;;69;65;87;430;854;1691;1592;1391;497;285;172;109;
2;;68;64;87;451;867;1675;1902;1324;490;277;168;107;
3;;70;64;88;463;877;1646;2425;1263;480;275;165;105;
4;;71;64;89;475;885;1610;2714;1219;473;270;163;104;
5;;71;64;94;506;926;1553;2892;1170;463;266;160;102;
6;;71;65;95;573;946;1506;3051;1130;453;260;158;101;
7;;72;64;99;602;946;1464;3099;1095;447;257;154;99;
8;;70;65;100;614;993;1453;3162;1055;438;250;152;98;
9;;69;66;100;619;1028;1471;3471;1018;430;249;151;97;
10;;69;75;102;632;1088;1492;3471;983;420;244;148;96;
11;;70;75;108;701;1116;1558;3532;952;411;239;146;94;
12;;69;75;109;706;1131;1553;3545;918;405;237;143;93;
13;;68;77;109;718;1158;1552;3526;891;398;230;141;92;
14;;68;78;111;733;1227;1587;3470;862;392;227;139;91;
15;;68;79;109;781;1344;1614;3421;831;384;223;136;90;
16;;67;79;111;825;1562;1627;3334;803;376;220;135;89;
17;;67;80;111;850;1655;1612;3175;784;369;216;133;88;
18;;66;79;116;873;1684;1585;3044;752;366;212;131;87;
19;;66;80;120;893;1745;1540;2985;733;365;209;130;86;
20;;65;81;126;885;1785;1487;2864;713;365;206;129;85;
21;;64;79;129;883;1825;1436;2710;685;349;202;127;84;
22;;63;76;133;873;1885;1380;2564;662;343;198;124;83;
23;;63;74;138;861;1944;1334;2421;640;334;195;124;82;
24;;62;73;147;851;1945;1293;2246;620;328;193;122;81;
25;;62;74;170;865;1894;1256;2069;603;321;191;121;79;
26;;62;75;182;857;1807;1233;1902;583;312;188;118;78;
27;;62;76;227;845;1748;1209;1756;573;308;184;117;77;
28;;62;87;274;843;1704;1186;1640;552;302;181;114;77;
29;;62;86;356;874;;1155;1542;537;295;180;113;76;
30;;63;83;340;872;;1200;1456;522;291;177;112;75;
31;;64;;356;865;;1392;;515;;173;111;;
;;;;;;;;;;;;;;
;;;;;;;;;;;;;;
Station Number : 130400         ;Year: 2003/2004;;;;;;;;;;;;;
Station Name : 1-105 Zambezi At Chavuma Mission (130400);;;;;;;;;;;;;;
Time-Series Type : Flow (cumecs);;;;;;;;;;;;;;
;;;;;;;;;;;;;;
;;Oct  ;Nov  ;Dec  ;Jan  ;Feb  ;Mar  ;Apr  ;May  ;Jun  ;Jul  ;Aug  ;Sep  ;
;;;;;;;;;;;;;;
1;;73;63;79;231;630;2719;2868;1192;460;249;151;95;
2;;72;64;80;231;643;3151;2836;1145;446;243;149;94;
3;;72;64;83;233;659;3219;2827;1115;436;239;146;93;
4;;70;64;85;235;666;3169;2881;1070;424;236;144;91;
5;;69;62;86;241;674;3075;3022;1033;414;230;143;90;
6;;68;61;87;246;684;3032;3051;1004;406;227;141;89;
7;;66;61;89;252;695;3009;3056;982;395;223;140;88;
8;;66;62;94;258;698;2919;3023;953;387;221;137;88;
9;;65;62;96;280;696;2818;3059;931;379;217;136;86;
10;;64;62;102;284;696;2764;3036;909;375;214;134;84;
11;;62;62;105;288;718;2697;3036;880;362;208;132;84;
12;;62;62;107;314;786;2631;3009;857;361;206;130;87;
13;;61;64;113;330;840;2564;2919;838;356;202;127;82;
14;;60;61;120;348;891;2499;2781;813;344;199;126;81;
15;;59;62;133;368;958;2450;2641;790;338;195;125;80;
16;;59;65;134;379;1033;2521;2499;769;331;191;122;79;
17;;59;66;139;395;1080;2565;2339;747;322;190;120;78;
18;;57;66;145;405;1178;2655;2184;724;316;186;118;78;
19;;63;66;148;406;1281;2764;2053;701;309;182;116;77;
20;;62;67;155;434;1306;2804;1935;683;306;180;114;77;
21;;63;70;161;483;1302;2801;1849;657;298;178;112;75;
22;;66;72;165;515;1289;2778;1783;638;296;174;111;74;
23;;65;73;167;520;1315;2801;1709;616;286;173;109;73;
24;;63;74;188;524;1379;2780;1637;597;281;169;107;72;
25;;60;77;195;528;1525;2789;1574;575;278;168;106;71;
26;;61;75;220;561;1649;2837;1496;557;274;165;105;74;
27;;59;77;211;578;1750;3022;1419;536;268;161;103;72;
28;;60;75;218;584;1959;2990;1344;520;261;160;101;72;
29;;60;75;230;584;2344;2916;1279;505;257;158;100;70;
30;;60;76;229;598;;2834;1231;490;252;155;98;71;
31;;62;;228;614;;2836;;474;;154;96;;
;;;;;;;;;;;;;;
;;;;;;;;;;;;;;
Station Number : 130400         ;Year: 2004/2005;;;;;;;;;;;;;
Station Name : 1-105 Zambezi At Chavuma Mission (130400);;;;;;;;;;;;;;
Time-Series Type : Flow (cumecs);;;;;;;;;;;;;;
;;;;;;;;;;;;;;
;;Oct  ;Nov  ;Dec  ;Jan  ;Feb  ;Mar  ;Apr  ;May  ;Jun  ;Jul  ;Aug  ;Sep  ;
;;;;;;;;;;;;;;
1;;71;59;90;224;853;853;764;620;328;194;123;81;
2;;69;59;94;234;852;848;809;603;323;192;121;79;
3;;68;59;98;247;849;833;845;587;315;188;119;78;
4;;67;59;104;261;845;822;917;583;309;184;117;77;
5;;65;59;109;277;842;811;932;571;303;183;115;75;
6;;64;60;125;294;849;798;964;553;297;179;113;75;
7;;63;61;124;309;845;790;1001;534;290;176;112;74;
8;;64;62;126;333;845;781;1034;519;286;175;111;72;
9;;61;66;128;351;847;777;1051;501;284;172;109;71;
10;;61;70;128;384;853;761;1053;488;278;168;108;70;
11;;61;70;130;415;870;757;1044;468;272;166;106;69;
12;;61;70;132;443;887;747;1039;462;269;164;105;68;
13;;60;69;145;463;916;729;1031;450;265;163;104;68;
14;;60;69;143;490;932;714;1018;442;258;160;101;67;
15;;60;71;143;519;946;706;1001;432;254;158;100;65;
16;;59;70;143;522;959;692;979;422;250;156;99;64;
17;;62;71;150;528;968;686;957;414;246;153;98;63;
18;;63;75;150;538;983;688;932;403;241;151;97;63;
19;;63;76;149;553;983;686;917;398;238;147;95;62;
20;;62;77;148;574;973;680;889;394;234;147;93;60;
21;;61;78;148;589;973;672;860;384;228;143;93;60;
22;;64;79;153;610;959;662;831;379;227;141;92;59;
23;;63;79;159;644;939;655;803;373;221;138;90;59;
24;;63;81;159;677;931;653;778;366;216;136;89;57;
25;;64;81;164;712;920;653;753;361;215;135;88;56;
26;;64;83;163;728;903;648;725;356;212;133;87;55;
27;;63;83;168;750;883;657;703;356;208;131;87;55;
28;;62;83;177;778;867;665;680;356;204;129;85;54;
29;;60;85;181;824;;688;660;349;201;128;83;53;
30;;59;88;189;824;;701;637;342;197;126;82;52;
31;;60;;201;837;;721;;337;;124;81;;
;;;;;;;;;;;;;;
;;;;;;;;;;;;;;
Station Number : 130400         ;Year: 2005/2006;;;;;;;;;;;;;
Station Name : 1-105 Zambezi At Chavuma Mission (130400);;;;;;;;;;;;;;
Time-Series Type : Flow (cumecs);;;;;;;;;;;;;;
;;;;;;;;;;;;;;
;;Oct  ;Nov  ;Dec  ;Jan  ;Feb  ;Mar  ;Apr  ;May  ;Jun  ;Jul  ;Aug  ;Sep  ;
;;;;;;;;;;;;;;
1;;52;45;66;114;276;1620;1592;1170;411;221;128;80;
2;;52;45;66;113;283;1701;1612;1130;399;219;126;79;
3;;52;43;66;121;290;1737;1610;1088;389;215;124;78;
4;;52;44;65;123;306;1746;1590;1047;376;210;122;77;
5;;51;43;66;125;345;1720;1539;1007;365;207;119;76;
6;;51;44;68;132;339;1666;1508;971;356;202;117;76;
7;;50;45;71;136;351;1603;1489;932;351;199;115;75;
8;;49;44;75;142;415;1555;1472;907;351;196;113;73;
9;;49;45;78;142;450;1505;1462;870;348;191;111;72;
10;;48;49;78;143;469;1441;1457;842;340;189;109;71;
11;;47;52;80;157;475;1396;1490;842;335;185;108;70;
12;;47;53;82;167;487;1365;1505;784;327;182;107;70;
13;;47;55;84;171;505;1453;1525;759;319;179;106;69;
14;;46;56;85;173;513;1523;1557;732;313;175;105;68;
15;;45;56;86;180;527;1579;1592;705;308;173;104;66;
16;;45;55;86;190;547;1650;1610;685;301;169;102;66;
17;;44;55;86;195;583;1722;1630;662;293;166;98;65;
18;;43;54;90;201;607;1774;1650;642;288;164;96;64;
19;;43;54;92;206;624;1828;1673;624;282;160;95;62;
20;;42;56;90;207;660;1857;1680;606;276;159;93;61;
21;;42;56;90;208;709;1889;1675;583;271;155;93;61;
22;;42;57;89;212;822;1887;1654;565;266;152;92;60;
23;;42;57;88;217;1082;1892;1623;552;259;149;90;60;
24;;42;58;91;219;1240;1778;1568;532;254;147;89;59;
25;;43;58;91;228;1289;1716;1513;515;250;145;89;58;
26;;43;57;98;229;1335;1705;1449;499;246;142;87;58;
27;;45;60;116;233;1409;1637;1393;476;241;139;86;58;
28;;44;57;110;250;1518;1608;1329;466;236;136;86;60;
29;;43;57;109;276;;1590;1273;452;231;135;84;60;
30;;43;70;107;282;;1575;1223;437;227;133;83;59;
31;;45;;110;274;;1580;;424;;130;81;;
;;;;;;;;;;;;;;
;;;;;;;;;;;;;;
Station Number : 130400         ;Year: 2006/2007;;;;;;;;;;;;;
Station Name : 1-105 Zambezi At Chavuma Mission (130400);;;;;;;;;;;;;;
Time-Series Type : Flow (cumecs);;;;;;;;;;;;;;
;;;;;;;;;;;;;;
;;Oct  ;Nov  ;Dec  ;Jan  ;Feb  ;Mar  ;Apr  ;May  ;Jun  ;Jul  ;Aug  ;Sep  ;
;;;;;;;;;;;;;;
1;;59;67;170;803;2835;1964;1679;1002;443;286;187;123;
2;;60;65;173;902;3089;1901;1664;968;439;283;184;121;
3;;60;64;177;961;3251;1834;1749;946;432;277;182;119;
4;;59;63;179;1018;3349;1770;1824;927;418;274;180;118;
5;;61;63;182;1064;3520;1700;1948;899;411;270;178;116;
6;;63;63;184;1180;3703;1655;2044;868;407;266;174;115;
7;;65;61;197;1336;3838;1612;2036;844;396;261;173;114;
8;;68;65;204;1365;3892;1644;1960;821;390;258;171;112;
9;;70;66;202;1410;3928;1646;1852;798;389;254;168;111;
10;;71;70;203;1560;3943;1610;1793;779;379;250;166;110;
11;;70;72;204;1635;3918;1763;1730;756;375;246;164;108;
12;;70;72;205;1764;3952;1961;1664;733;365;245;161;107;
13;;71;74;218;1832;4023;2141;1615;715;360;242;160;105;
14;;70;75;217;1728;4065;2265;1577;696;353;241;159;104;
15;;70;87;217;1738;4064;2304;1541;673;351;235;156;102;
16;;71;86;222;1737;3959;2292;1506;655;351;231;154;101;
17;;69;91;225;1592;3865;2296;1464;638;351;229;152;100;
18;;69;98;234;1524;3727;2268;1426;617;345;228;150;99;
19;;71;103;252;1489;3580;2267;1386;601;341;224;147;98;
20;;70;108;261;1556;3431;2269;1354;585;338;222;145;96;
21;;70;117;281;1452;3263;2225;1320;560;330;220;142;96;
22;;70;121;281;1419;3106;2184;1285;555;325;215;141;95;
23;;67;125;290;1415;2892;2118;1249;541;319;209;140;95;
24;;68;127;307;1401;2630;2023;1212;528;318;209;139;91;
25;;69;129;329;1392;2474;1929;1177;513;310;207;136;90;
26;;67;131;361;1439;2294;1840;1145;501;308;200;135;89;
27;;66;136;365;1501;2146;1793;1114;491;303;199;133;90;
28;;66;143;424;1612;2060;1724;1086;479;300;199;132;90;
29;;66;156;465;1757;;1658;1056;470;294;195;129;89;
30;;67;164;553;2143;;1647;1026;462;291;193;128;86;
31;;66;;644;2411;;1611;;452;;191;126;;
;;;;;;;;;;;;;;
;;;;;;;;;;;;;;
Station Number : 130400         ;Year: 2007/2008;;;;;;;;;;;;;
Station Name : 1-105 Zambezi At Chavuma Mission (130400);;;;;;;;;;;;;;
Time-Series Type : Flow (cumecs);;;;;;;;;;;;;;
;;;;;;;;;;;;;;
;;Oct  ;Nov  ;Dec  ;Jan  ;Feb  ;Mar  ;Apr  ;May  ;Jun  ;Jul  ;Aug  ;Sep  ;
;;;;;;;;;;;;;;
1;;87;77;118;278;904;1206;1679;964;439;235;145;90;
2;;86;80;121;279;894;1202;1649;946;430;230;142;89;
3;;87;81;123;291;884;1194;1641;932;419;227;139;87;
4;;86;82;124;301;870;1219;1632;898;404;221;135;85;
5;;86;82;128;334;864;1218;1607;892;395;218;135;84;
6;;87;82;128;342;858;1208;1579;870;390;217;133;84;
7;;88;84;129;361;851;1216;1559;856;375;214;132;82;
8;;86;84;133;375;852;1240;1540;853;365;209;130;81;
9;;89;86;154;385;851;1280;1541;805;357;208;129;80;
10;;91;87;179;396;850;1324;1505;792;355;199;127;79;
11;;92;88;179;402;851;1386;1466;772;350;195;124;77;
12;;91;88;180;424;860;1455;1455;754;342;194;123;75;
13;;92;88;181;469;877;1621;1466;735;337;191;121;75;
14;;93;89;188;490;896;1765;1472;720;329;190;119;74;
15;;91;91;198;495;911;1831;1468;698;321;187;117;72;
16;;91;93;206;495;925;1882;1453;677;316;183;115;72;
17;;91;95;212;500;946;1940;1429;661;308;181;114;71;
18;;90;97;217;527;976;1993;1402;640;303;178;110;70;
19;;90;96;224;549;1023;2111;1369;631;299;178;107;69;
20;;89;97;224;583;1063;2163;1329;616;291;173;107;68;
21;;86;97;231;624;1096;2222;1287;599;286;171;105;67;
22;;86;97;230;641;1114;2240;1249;583;281;169;104;66;
23;;84;99;243;662;1161;2263;1209;566;274;161;101;66;
24;;86;100;246;708;1177;2243;1185;552;268;160;100;65;
25;;82;100;246;755;1180;2170;1145;542;261;160;99;64;
26;;82;106;247;797;1192;2076;1115;526;256;158;99;64;
27;;81;108;266;849;1192;1972;1085;506;253;155;96;63;
28;;79;110;268;877;1193;1904;1049;495;246;152;95;61;
29;;77;111;271;904;1196;1825;1022;474;243;151;94;60;
30;;77;115;271;920;;1767;997;471;238;148;92;59;
31;;76;;287;917;;1726;;453;;146;91;;
;;;;;;;;;;;;;;
;;;;;;;;;;;;;;
Station Number : 130400         ;Year: 2008/2009;;;;;;;;;;;;;
Station Name : 1-105 Zambezi At Chavuma Mission (130400);;;;;;;;;;;;;;
Time-Series Type : Flow (cumecs);;;;;;;;;;;;;;
;;;;;;;;;;;;;;
;;Oct  ;Nov  ;Dec  ;Jan  ;Feb  ;Mar  ;Apr  ;May  ;Jun  ;Jul  ;Aug  ;Sep  ;
;;;;;;;;;;;;;;
1;;59;55;108;673;978;3672;2980;906;388;223;136;83;
2;;57;56;127;689;981;3749;2785;878;380;220;134;83;
3;;56;57;131;673;991;3762;2595;847;373;212;131;81;
4;;55;56;141;677;1000;3771;2412;824;361;209;130;81;
5;;55;56;142;668;1027;3787;2235;796;356;205;127;79;
6;;55;56;144;665;1070;3814;2064;764;354;201;125;77;
7;;35;57;152;670;1123;3827;1898;736;351;201;124;77;
8;;52;57;158;677;1138;3843;1739;707;341;194;123;76;
9;;53;53;169;695;1165;3799;1660;687;334;192;121;76;
10;;52;53;186;727;1234;3747;1590;668;329;188;118;74;
11;;51;54;198;721;1315;3735;1543;642;316;186;117;72;
12;;50;55;202;709;1398;3760;1510;618;314;183;117;72;
13;;50;65;207;711;1470;3927;1489;601;311;180;115;71;
14;;49;75;232;689;1525;3997;1474;579;303;178;113;69;
15;;49;73;245;686;1584;4072;1457;562;295;175;109;69;
16;;49;67;249;677;1631;4086;1440;549;290;173;107;68;
17;;47;66;270;667;1696;4079;1419;533;284;173;106;67;
18;;47;65;307;631;1709;4133;1398;522;279;167;105;66;
19;;47;69;325;659;1775;4389;1367;506;273;163;105;63;
20;;47;73;348;666;1916;4541;1333;495;270;162;102;63;
21;;50;74;352;703;1961;4757;1298;478;264;160;101;63;
22;;51;75;376;717;2078;4970;1256;472;261;159;99;63;
23;;53;79;386;859;2282;5006;1208;463;256;156;98;63;
24;;53;89;413;745;2600;4982;1170;452;250;151;96;63;
25;;54;86;459;787;2931;4789;1141;446;246;150;94;62;
26;;54;89;516;823;3167;4663;1085;425;242;147;91;61;
27;;53;91;557;857;3376;4409;1054;423;236;146;91;61;
28;;53;91;583;887;3540;4130;1017;420;227;145;90;60;
29;;53;95;620;917;;3827;978;412;227;142;89;60;
30;;53;102;644;927;;3495;926;409;224;140;86;60;
31;;54;;659;932;;3180;;391;;139;85;;
;;;;;;;;;;;;;;
;;;;;;;;;;;;;;
Station Number : 130400         ;Year: 2009/2010;;;;;;;;;;;;;
Station Name : 1-105 Zambezi At Chavuma Mission (130400);;;;;;;;;;;;;;
Time-Series Type : Flow (cumecs);;;;;;;;;;;;;;
;;;;;;;;;;;;;;
;;Oct  ;Nov  ;Dec  ;Jan  ;Feb  ;Mar  ;Apr  ;May  ;Jun  ;Jul  ;Aug  ;Sep  ;
;;;;;;;;;;;;;;
1;;59;58;127;527;1525;4011;4488;1657;600;319;183;109;
2;;59;63;139;583;1463;3878;4690;1568;587;312;181;107;
3;;60;63;141;597;1370;4039;4836;1495;571;310;177;105;
4;;60;63;143;605;1451;4127;4880;1437;559;307;173;104;
5;;59;63;149;628;1466;4047;4928;1383;544;299;173;103;
6;;58;63;150;647;1480;3877;4994;1330;532;296;170;101;
7;;57;62;154;669;1486;3805;5164;1280;521;291;167;99;
8;;57;60;155;693;1519;3471;5234;1241;511;286;165;98;
9;;56;59;154;732;1550;3380;5212;1206;503;262;162;95;
10;;55;61;163;739;1610;3065;5124;1162;495;257;160;94;
11;;55;62;176;759;1658;2934;5088;1130;491;255;157;92;
12;;55;62;185;789;1710;2742;5152;1094;474;250;154;90;
13;;54;62;201;835;1755;2551;5227;1060;464;249;151;90;
14;;55;64;201;855;1803;2408;5124;1025;457;238;148;87;
15;;55;67;206;888;1847;2286;5004;996;448;234;144;86;
16;;55;72;211;929;1936;2214;4873;969;438;231;144;84;
17;;56;77;219;961;2054;2143;4629;925;432;230;141;84;
18;;55;79;223;1000;2161;2124;4369;912;423;227;135;82;
19;;55;79;244;1101;2237;2046;4133;887;395;215;135;79;
20;;55;83;268;1215;2339;2023;3831;860;405;214;133;79;
21;;55;95;289;1322;2349;1994;3556;833;399;214;132;78;
22;;55;93;347;1384;2390;1962;3262;807;395;214;126;77;
23;;56;94;397;1402;2452;1982;3019;784;384;214;124;76;
24;;56;96;428;1481;2798;1995;2928;761;380;212;123;75;
25;;57;101;441;1544;3261;2113;2515;755;356;201;122;75;
26;;56;107;446;1574;3760;2264;2341;714;348;200;120;77;
27;;56;114;445;1638;3913;2456;2168;704;336;199;119;74;
28;;57;118;441;1661;3930;2787;2023;682;334;191;115;73;
29;;57;121;443;1663;;3263;1859;666;329;190;113;72;
30;;56;124;448;1609;;3734;1751;634;325;189;113;70;
31;;57;;495;1574;;4144;;612;;187;111;;
;;;;;;;;;;;;;;
;;;;;;;;;;;;;;
Station Number : 130400         ;Year: 2010/2011;;;;;;;;;;;;;
Station Name : 1-105 Zambezi At Chavuma Mission (130400);;;;;;;;;;;;;;
Time-Series Type : Flow (cumecs);;;;;;;;;;;;;;
;;;;;;;;;;;;;;
;;Oct  ;Nov  ;Dec  ;Jan  ;Feb  ;Mar  ;Apr  ;May  ;Jun  ;Jul  ;Aug  ;Sep  ;
;;;;;;;;;;;;;;
1;;69;46;110;1689;3563;2170;3882;1746;559;313;198;126;
2;;66;45;110;1655;3532;2123;4012;1652;547;307;194;125;
3;;64;47;112;1611;3460;2140;4012;1570;533;300;191;121;
4;;63;46;113;1539;3374;2151;3940;1493;523;299;190;121;
5;;63;46;121;1485;3271;2172;3839;1428;511;296;187;120;
6;;61;43;123;1445;3182;2179;3729;1376;500;289;184;116;
7;;60;43;132;1417;3059;2123;3585;1313;490;284;182;114;
8;;57;48;136;1437;2926;2165;3471;1256;474;278;178;113;
9;;57;48;137;1362;2801;2237;3407;1209;469;274;175;112;
10;;56;47;163;1336;2652;2327;3314;1161;465;271;174;110;
11;;56;47;173;1361;2588;2404;3272;1136;453;265;170;108;
12;;55;47;190;1334;2561;2489;3295;1085;446;259;167;107;
13;;55;47;214;1370;2501;2542;3369;1050;433;255;165;106;
14;;55;47;246;1522;2493;2556;3452;932;422;255;163;103;
15;;55;47;338;1687;2499;2564;3511;931;418;251;159;101;
16;;54;66;634;1721;2514;2537;3552;925;413;245;157;101;
17;;45;65;1437;1774;2488;2505;3530;898;408;241;154;100;
18;;41;72;1643;1885;2456;2445;3452;862;403;239;154;99;
19;;50;71;1734;2073;2445;2403;3306;832;389;235;151;98;
20;;49;72;1730;2322;2434;2380;3131;805;379;231;147;96;
21;;47;74;1611;2884;2383;2349;2927;771;374;229;144;95;
22;;47;78;1561;3255;2381;2348;2678;752;370;224;144;94;
23;;46;83;1524;3427;2414;2392;2537;733;360;221;142;91;
24;;46;87;1522;3555;2397;2461;2426;712;357;219;141;91;
25;;45;89;1567;3646;2372;2587;2217;684;346;218;139;90;
26;;46;95;1610;3680;2323;2731;2135;670;346;212;137;88;
27;;51;96;1639;3680;2297;2812;2043;638;339;210;136;87;
28;;49;98;1664;3640;2214;2907;2019;629;330;208;133;86;
29;;49;104;1684;3558;;3028;1890;612;325;205;130;84;
30;;49;105;1700;3488;;3233;1860;594;320;202;129;89;
31;;47;;1701;3505;;3558;;573;;200;127;;
;;;;;;;;;;;;;;
;;;;;;;;;;;;;;
Station Number : 130400         ;Year: 2011/2012;;;;;;;;;;;;;
Station Name : 1-105 Zambezi At Chavuma Mission (130400);;;;;;;;;;;;;;
Time-Series Type : Flow (cumecs);;;;;;;;;;;;;;
;;;;;;;;;;;;;;
;;Oct  ;Nov  ;Dec  ;Jan  ;Feb  ;Mar  ;Apr  ;May  ;Jun  ;Jul  ;Aug  ;Sep  ;
;;;;;;;;;;;;;;
1;;87;83;154;680;1061;1509;3840;975;402;241;155;103;
2;;86;86;155;736;1073;1532;3867;961;391;238;154;101;
3;;84;89;160;766;1055;1552;3882;898;384;235;152;99;
4;;88;88;165;805;1141;1552;3827;876;371;230;148;123;
5;;89;87;166;826;1124;1557;3755;851;369;227;147;107;
6;;89;90;174;849;1150;1572;3672;828;366;224;144;95;
7;;87;91;180;867;1131;1587;3555;793;364;223;142;93;
8;;86;93;187;884;1140;1631;3386;766;354;219;139;89;
9;;87;92;190;892;1161;1664;3203;752;347;212;138;87;
10;;87;92;204;899;1171;1692;3009;714;342;209;138;86;
11;;87;93;209;901;1192;1750;2793;694;337;207;137;89;
12;;86;94;212;917;1192;1840;2587;683;329;205;134;87;
13;;86;94;221;929;1175;1894;2393;650;321;201;130;86;
14;;86;94;238;960;1172;1940;2206;644;318;201;129;85;
15;;85;95;266;956;1235;1986;2125;608;312;195;129;83;
16;;83;96;284;966;1295;2026;1917;588;307;192;127;83;
17;;82;97;307;1018;1300;2055;1798;571;299;190;126;80;
18;;81;99;316;1115;1329;2026;1700;554;296;187;123;79;
19;;79;102;325;1122;1362;1991;1579;538;291;183;123;79;
20;;78;105;338;1131;1371;1963;1504;527;286;181;121;78;
21;;78;108;360;1149;1402;1948;1423;511;283;180;120;77;
22;;77;110;394;1147;1409;1986;1367;500;277;177;119;75;
23;;75;111;398;1131;1421;2093;1303;491;274;174;118;75;
24;;77;113;447;1115;1429;2186;1263;475;270;171;117;73;
25;;76;124;466;1097;1450;2450;1207;465;262;169;115;73;
26;;75;124;515;1088;1515;2531;1161;455;261;167;112;72;
27;;79;133;539;1064;1498;2599;1115;446;254;165;110;72;
28;;80;139;565;1056;1483;2707;1079;440;252;163;109;71;
29;;78;151;611;1036;1489;2861;1042;428;249;162;107;71;
30;;77;154;636;1037;;3115;1012;418;245;159;104;70;
31;;79;;660;1034;;3813;;411;;157;103;;
;;;;;;;;;;;;;;
;;;;;;;;;;;;;;
Station Number : 130400         ;Year: 2012/2013;;;;;;;;;;;;;
Station Name : 1-105 Zambezi At Chavuma Mission (130400);;;;;;;;;;;;;;
Time-Series Type : Flow (cumecs);;;;;;;;;;;;;;
;;;;;;;;;;;;;;
;;Oct  ;Nov  ;Dec  ;Jan  ;Feb  ;Mar  ;Apr  ;May  ;Jun  ;Jul  ;Aug  ;Sep  ;
;;;;;;;;;;;;;;
1;;70;63;139;865;1795;1386;2542;854;384;214;137;91;
2;;70;76;152;926;1768;1393;2393;830;375;211;133;90;
3;;68;86;153;988;1742;1347;2298;810;375;209;133;88;
4;;68;85;156;1070;1717;1437;2114;791;375;204;128;88;
5;;68;85;166;1120;1735;1488;1986;764;355;201;126;87;
6;;68;84;173;1192;1749;1569;1880;740;342;199;124;86;
7;;67;85;187;1207;1754;1628;1839;727;338;191;124;84;
8;;67;83;194;1192;1737;1656;1705;703;332;190;124;83;
9;;65;82;212;1178;1700;1664;1632;688;323;190;123;83;
10;;65;82;212;1161;1680;1666;1570;666;307;190;121;83;
11;;64;84;219;1155;1664;1693;1514;642;305;187;119;87;
12;;63;85;227;1154;1659;1701;1453;624;295;183;118;86;
13;;64;86;238;1223;1641;1710;1402;607;292;180;116;85;
14;;63;86;245;1289;1664;1731;1370;582;289;176;114;85;
15;;61;89;256;1411;1717;1749;1314;571;284;174;113;84;
16;;61;87;265;1471;1687;1782;1297;556;277;171;112;84;
17;;61;88;299;1482;1705;1844;1255;546;274;170;110;83;
18;;61;91;311;1463;1574;1994;1217;527;266;167;108;81;
19;;62;89;334;1454;1550;2266;1176;513;260;164;107;78;
20;;61;89;370;1479;1568;2564;1154;505;258;160;105;80;
21;;61;90;394;1550;1563;2810;1124;487;250;158;103;78;
22;;61;91;419;1574;1552;2989;1092;475;247;157;102;78;
23;;61;93;455;1650;1524;3059;1075;463;244;156;101;77;
24;;64;96;525;1840;1480;3089;1040;452;241;151;99;77;
25;;64;99;578;2033;1438;3067;1025;444;235;151;96;77;
26;;65;101;620;2033;1403;3011;991;432;231;150;94;77;
27;;65;107;661;1984;1398;2978;962;425;230;149;94;77;
28;;66;119;701;2028;1386;2974;920;420;224;145;93;76;
29;;66;125;732;1916;;2935;900;408;220;143;93;74;
30;;66;132;778;1849;;2843;871;397;215;141;92;72;
31;;63;;803;1822;;2670;;390;;139;92;;
;;;;;;;;;;;;;;
;;;;;;;;;;;;;;
Station Number : 130400         ;Year: 2013/2014;;;;;;;;;;;;;
Station Name : 1-105 Zambezi At Chavuma Mission (130400);;;;;;;;;;;;;;
Time-Series Type : Flow (cumecs);;;;;;;;;;;;;;
;;;;;;;;;;;;;;
;;Oct  ;Nov  ;Dec  ;Jan  ;Feb  ;Mar  ;Apr  ;May  ;Jun  ;Jul  ;Aug  ;Sep  ;
;;;;;;;;;;;;;;
1;;72;61;131;367;1394;1730;2381;1703;669;351;215;115;
2;;72;61;141;431;1390;1768;2381;1710;643;347;214;115;
3;;72;63;151;489;1379;1797;2339;1557;629;338;208;113;
4;;72;63;150;522;1352;1897;2287;1496;614;334;205;112;
5;;71;61;149;554;1349;1867;2307;1445;571;330;201;111;
6;;71;69;151;640;1312;1889;2311;1442;571;325;198;109;
7;;70;69;154;674;1281;1924;2274;1394;562;319;191;108;
8;;69;70;160;741;1289;1935;2450;1352;555;311;191;106;
9;;66;70;171;784;1293;1926;2515;1311;553;304;190;104;
10;;66;71;174;896;1264;1897;2642;1262;550;300;189;103;
11;;66;70;181;948;1264;1852;2719;1232;519;299;186;102;
12;;66;74;184;1059;1273;1861;2800;1182;512;292;184;98;
13;;65;74;206;1138;1151;1954;2910;1154;503;286;181;96;
14;;64;74;208;1188;1094;2083;3044;1082;493;278;180;96;
15;;64;74;207;1235;1048;2277;3194;1088;478;277;178;94;
16;;62;75;211;1273;1042;2392;3306;1068;468;272;177;93;
17;;61;76;212;1332;1046;2394;3309;1026;459;266;174;92;
18;;60;77;213;1394;1094;2395;3257;1003;448;262;169;89;
19;;59;78;216;1431;1134;2287;3155;968;443;261;163;89;
20;;59;82;217;1526;1192;2259;3039;943;433;256;160;87;
21;;58;84;219;1567;1354;2148;2907;904;424;253;157;86;
22;;55;84;222;1570;1361;2114;2731;891;413;249;155;85;
23;;54;90;223;1541;1361;2089;2632;857;408;246;154;96;
24;;52;92;222;1520;1394;2072;2478;830;401;242;150;95;
25;;52;101;224;1515;1455;2104;2396;809;391;237;148;94;
26;;53;108;228;1531;1462;2199;2193;788;383;231;144;93;
27;;54;114;249;1522;1523;2318;2090;760;377;229;142;92;
28;;55;118;258;1498;1628;2381;1986;736;371;224;141;90;
29;;59;125;268;1479;;2383;1885;727;364;223;139;90;
30;;59;148;298;1436;;2383;1788;701;362;219;122;89;
31;;62;;328;1398;;2349;;684;;219;119;;
;;;;;;;;;;;;;;
;;;;;;;;;;;;;;
Station Number : 130400         ;Year: 2014/2015;;;;;;;;;;;;;
Station Name : 1-105 Zambezi At Chavuma Mission (130400);;;;;;;;;;;;;;
Time-Series Type : Flow (cumecs);;;;;;;;;;;;;;
;;;;;;;;;;;;;;
;;Oct  ;Nov  ;Dec  ;Jan  ;Feb  ;Mar  ;Apr  ;May  ;Jun  ;Jul  ;Aug  ;Sep  ;
;;;;;;;;;;;;;;
1;;87;70;98;187;908;701;688;964;422;245;149;92;
2;;87;69;97;207;918;733;726;931;409;241;147;91;
3;;85;68;98;212;1047;739;813;911;401;234;143;90;
4;;85;68;100;221;1144;764;863;894;394;230;138;87;
5;;81;68;106;225;1115;765;954;867;384;228;137;87;
6;;81;68;110;225;1115;758;1004;858;383;225;132;85;
7;;81;74;110;227;1100;759;1049;834;370;219;129;84;
8;;81;61;111;254;1040;777;1115;815;358;217;129;83;
9;;81;61;113;266;991;785;1141;794;352;212;128;82;
10;;81;84;114;271;967;795;1170;771;351;210;126;82;
11;;79;84;129;292;932;800;1216;754;343;205;122;80;
12;;79;84;122;311;910;805;1273;736;336;202;120;82;
13;;77;87;125;336;874;805;1336;723;334;200;118;77;
14;;77;89;126;351;847;805;1390;698;326;196;117;77;
15;;74;90;127;370;831;794;1401;677;321;194;116;75;
16;;75;94;131;423;803;785;1398;660;314;187;115;75;
17;;75;91;135;428;790;771;1387;641;310;186;113;75;
18;;75;97;136;527;768;759;1347;626;305;184;112;73;
19;;74;97;139;515;756;740;1315;606;299;183;111;72;
20;;74;98;136;513;739;729;1292;584;291;180;110;71;
21;;75;98;156;516;731;704;1246;569;288;177;107;70;
22;;75;97;151;527;729;690;1229;550;286;173;106;68;
23;;75;98;155;610;720;677;1192;533;281;170;104;68;
24;;74;98;160;703;713;670;1151;514;277;168;102;66;
25;;73;98;171;766;704;653;1115;505;270;168;101;66;
26;;73;97;173;803;700;654;1085;495;268;160;99;65;
27;;73;98;174;825;690;646;1049;474;263;156;95;64;
28;;72;98;176;833;700;647;1025;463;258;156;94;65;
29;;72;98;178;870;;641;1003;453;256;156;94;64;
30;;70;98;179;904;;647;994;439;252;154;94;64;
31;;70;;181;904;;668;;433;;151;92;;
;;;;;;;;;;;;;;
;;;;;;;;;;;;;;
Station Number : 130400         ;Year: 2015/2016;;;;;;;;;;;;;
Station Name : 1-105 Zambezi At Chavuma Mission (130400);;;;;;;;;;;;;;
Time-Series Type : Flow (cumecs);;;;;;;;;;;;;;
;;;;;;;;;;;;;;
;;Oct  ;Nov  ;Dec  ;Jan  ;Feb  ;Mar  ;Apr  ;May  ;Jun  ;Jul  ;Aug  ;Sep  ;
;;;;;;;;;;;;;;
1;;64;52;84;239;1601;2506;2511;1085;423;238;144;91;
2;;63;55;86;239;1754;2511;2445;1040;414;232;139;90;
3;;63;57;83;242;1888;2278;2488;1033;406;228;138;88;
4;;63;62;86;250;2048;2291;2542;993;398;224;136;87;
5;;62;63;88;261;2166;2330;2588;929;398;219;136;86;
6;;61;64;92;268;2225;2484;2620;908;391;218;136;84;
7;;60;61;95;268;2328;2501;2649;891;370;208;133;83;
8;;60;61;99;278;2360;2675;2610;853;356;207;133;83;
9;;59;60;100;285;2471;2732;2511;853;354;206;128;81;
10;;59;60;101;286;2499;2787;2425;813;352;201;124;79;
11;;59;59;109;303;2729;2940;2323;792;347;198;124;79;
12;;60;59;113;307;2724;3092;2282;764;344;194;123;78;
13;;61;59;116;320;2817;3211;2282;758;327;191;121;78;
14;;59;61;123;343;2911;3231;2234;726;324;190;121;77;
15;;59;61;125;370;3001;3238;2143;705;319;186;120;75;
16;;59;64;127;403;3139;3374;2013;676;315;181;113;75;
17;;57;61;136;449;3270;3386;1921;663;311;178;112;74;
18;;57;62;146;492;3306;3421;1737;642;299;177;112;75;
19;;58;62;154;552;3251;3430;1714;611;296;173;111;74;
20;;58;63;157;634;3209;3374;1708;586;286;173;109;73;
21;;57;63;184;709;3094;3243;1559;571;281;171;107;72;
22;;56;65;194;802;3024;3114;1487;553;280;168;105;72;
23;;55;66;212;818;2824;3001;1428;533;270;167;104;72;
24;;54;70;215;815;2708;2879;1361;530;266;163;102;72;
25;;54;75;217;837;2619;2773;1315;513;259;157;100;71;
26;;53;81;226;891;2564;2733;1264;495;257;155;98;71;
27;;54;87;230;932;2472;2677;1225;486;250;155;98;66;
28;;53;85;230;1040;2487;2643;1180;471;248;152;94;70;
29;;51;84;228;1175;2511;2606;1145;457;246;150;93;72;
30;;55;84;230;1401;;2563;1109;447;240;148;93;72;
31;;51;;238;1592;;2385;;442;;145;92;;
;;;;;;;;;;;;;;
;;;;;;;;;;;;;;
Station Number : 130400         ;Year: 2016/2017;;;;;;;;;;;;;
Station Name : 1-105 Zambezi At Chavuma Mission (130400);;;;;;;;;;;;;;
Time-Series Type : Flow (cumecs);;;;;;;;;;;;;;
;;;;;;;;;;;;;;
;;Oct  ;Nov  ;Dec  ;Jan  ;Feb  ;Mar  ;Apr  ;May  ;Jun  ;Jul  ;Aug  ;Sep  ;
;;;;;;;;;;;;;;
1;;72;49;86;182;461;1315;2165;898;337;187;122;73;
2;;71;48;88;190;444;1436;2142;870;333;184;118;72;
3;;70;50;89;201;444;1520;2095;852;330;181;115;71;
4;;70;50;93;219;444;1566;2023;853;326;178;113;70;
5;;66;49;95;238;442;1594;1915;714;316;175;111;69;
6;;65;48;97;266;448;1742;1816;695;307;171;109;68;
7;;64;49;101;299;458;1940;1700;698;299;168;108;67;
8;;61;50;104;325;490;2084;1692;695;290;165;107;66;
9;;62;51;107;338;522;2138;1700;695;284;162;105;65;
10;;62;51;107;347;539;2225;1446;633;281;159;103;65;
11;;61;52;111;352;565;2329;1390;621;266;156;101;64;
12;;61;53;111;352;588;2440;1325;576;262;153;97;63;
13;;60;53;115;360;631;2597;1278;583;263;147;95;62;
14;;59;53;126;354;660;2759;1231;571;248;142;94;61;
15;;59;53;126;351;701;2892;1189;554;236;141;92;60;
16;;58;53;127;351;733;3185;1153;543;233;139;92;60;
17;;56;55;130;347;755;3309;1112;528;230;139;90;59;
18;;58;55;135;345;778;3336;1076;512;227;139;89;59;
19;;57;56;139;346;802;3242;1039;501;224;138;87;58;
20;;57;57;144;349;828;3055;1005;495;221;136;87;57;
21;;56;59;159;368;868;2835;946;475;218;136;85;57;
22;;55;59;172;374;922;2597;961;458;215;134;83;55;
23;;54;60;172;398;943;2455;929;455;211;133;82;55;
24;;53;62;171;422;1004;2365;925;433;208;133;81;54;
25;;52;63;170;448;1076;2319;920;418;205;132;80;53;
26;;51;65;170;468;1154;2290;904;403;202;131;79;52;
27;;51;68;167;474;1259;2250;901;397;199;129;78;52;
28;;51;71;171;474;1299;2284;891;385;196;128;77;51;
29;;49;74;173;471;;2204;913;377;193;126;76;50;
30;;49;83;171;468;;2184;908;372;190;125;75;48;
31;;49;;174;467;;2182;;356;;124;74;;
;;;;;;;;;;;;;;
;;;;;;;;;;;;;;
Station Number : 130400         ;Year: 2017/2018;;;;;;;;;;;;;
Station Name : 1-105 Zambezi At Chavuma Mission (130400);;;;;;;;;;;;;;
Time-Series Type : Flow (cumecs);;;;;;;;;;;;;;
;;;;;;;;;;;;;;
;;Oct  ;Nov  ;Dec  ;Jan  ;Feb  ;Mar  ;Apr  ;May  ;Jun  ;Jul  ;Aug  ;Sep  ;
;;;;;;;;;;;;;;
1;;48;58;101;757;1503;1528;2898;3021;736;362;213;134;
2;;48;58;106;803;1574;1494;2931;2772;713;375;210;133;
3;;47;59;109;829;1592;1503;2959;2455;690;351;207;131;
4;;47;57;111;836;1625;1495;3122;2239;670;341;205;129;
5;;47;57;115;844;1681;1492;3285;2059;651;336;203;127;
6;;46;56;118;857;1756;1504;3381;1897;631;329;198;120;
7;;45;55;122;871;1926;1538;3495;1761;615;324;195;124;
8;;45;56;139;878;1973;1619;3634;1645;599;319;191;123;
9;;45;55;157;885;2012;1778;3848;1549;581;313;188;121;
10;;45;54;158;887;2083;1935;4036;1468;568;308;185;118;
11;;45;59;164;904;2112;2038;4269;1401;553;300;183;117;
12;;46;63;173;923;2131;2123;4439;1338;543;296;180;115;
13;;47;65;176;951;2203;2215;4554;1281;527;290;176;114;
14;;47;63;193;981;2215;2289;4631;1239;513;286;174;113;
15;;47;66;197;990;2222;2267;4693;1193;505;281;173;111;
16;;46;66;204;1006;2272;2211;4800;1153;494;277;169;109;
17;;45;67;208;1011;2265;2176;4825;1116;485;272;166;108;
18;;45;69;221;1027;2182;2107;4849;1081;473;267;164;108;
19;;47;71;242;1041;2092;2083;4842;1050;458;263;162;107;
20;;47;72;263;1057;1984;2088;4877;1020;450;258;159;106;
21;;47;74;270;1078;1910;2122;4909;990;438;254;156;104;
22;;47;76;303;1106;1823;2170;4916;960;434;249;154;104;
23;;48;78;327;1135;1767;2252;4842;925;420;245;152;102;
24;;49;79;399;1170;1714;2370;4698;922;413;242;151;101;
25;;47;83;406;1207;1665;2462;4521;902;405;238;149;99;
26;;46;86;411;1256;1642;2491;4296;875;398;235;147;97;
27;;45;94;423;1302;1600;2530;4049;851;390;231;144;96;
28;;44;95;510;1362;1564;2529;3814;829;382;228;142;94;
29;;44;98;560;1426;;2581;3559;806;375;224;140;92;
30;;43;100;629;1482;;2637;3300;782;366;220;136;90;
31;;57;;689;1512;;2778;;759;;217;135;;
;;;;;;;;;;;;;;
;;;;;;;;;;;;;;
Station Number : 130400         ;Year: 2018/2019;;;;;;;;;;;;;
Station Name : 1-105 Zambezi At Chavuma Mission (130400);;;;;;;;;;;;;;
Time-Series Type : Flow (cumecs);;;;;;;;;;;;;;
;;;;;;;;;;;;;;
;;Oct  ;Nov  ;Dec  ;Jan  ;Feb  ;Mar  ;Apr  ;May  ;Jun  ;Jul  ;Aug  ;Sep  ;
;;;;;;;;;;;;;;
1;;87;68;69;153;440;577;731;461;213;134;90;63;
2;;85;66;74;158;446;593;728;448;210;132;89;64;
3;;84;65;77;165;459;612;721;438;206;129;88;63;
4;;83;64;78;173;475;637;709;426;201;128;87;63;
5;;82;63;79;179;483;659;704;415;199;127;86;63;
6;;81;63;80;194;499;679;695;405;196;126;85;63;
7;;79;63;81;200;513;701;682;395;192;124;84;62;
8;;77;61;84;211;518;718;669;386;188;121;84;59;
9;;75;63;85;212;522;733;657;374;185;120;83;57;
10;;74;61;85;219;542;738;646;363;182;119;82;59;
11;;72;61;84;228;532;739;638;354;179;117;81;58;
12;;72;61;85;235;533;745;634;349;176;114;80;57;
13;;70;61;84;247;533;744;629;341;173;114;80;56;
14;;70;61;86;256;530;752;626;331;169;113;79;56;
15;;68;61;87;267;517;761;640;325;166;112;78;55;
16;;66;62;88;273;509;762;597;314;165;110;76;54;
17;;66;62;91;279;504;764;585;304;162;109;75;53;
18;;67;63;93;287;503;763;578;298;160;108;75;51;
19;;65;65;92;299;496;764;571;289;156;107;73;51;
20;;68;64;94;325;510;762;555;283;155;105;72;49;
21;;68;63;97;340;511;762;548;276;152;104;71;48;
22;;68;62;104;339;508;761;539;270;149;101;70;48;
23;;68;59;110;345;518;759;538;264;148;100;69;47;
24;;70;59;113;359;542;752;527;257;146;98;68;47;
25;;70;60;118;372;550;745;522;249;144;97;67;46;
26;;72;60;124;384;553;738;514;243;142;96;67;44;
27;;72;60;127;395;556;732;506;239;140;95;66;43;
28;;72;61;132;407;559;730;495;234;139;94;66;43;
29;;71;62;139;415;;729;483;228;137;93;65;42;
30;;70;64;147;433;;729;471;224;135;92;65;42;
31;;69;;152;440;;729;;222;;91;65;;
;;;;;;;;;;;;;;
;;;;;;;;;;;;;;
Station Number : 130400         ;Year: 2019/2020;;;;;;;;;;;;;
Station Name : 1-105 Zambezi At Chavuma Mission (130400);;;;;;;;;;;;;;
Time-Series Type : Flow (cumecs);;;;;;;;;;;;;;
;;;;;;;;;;;;;;
;;Oct  ;Nov  ;Dec  ;Jan  ;Feb  ;Mar  ;Apr  ;May  ;Jun  ;Jul  ;Aug  ;Sep  ;
;;;;;;;;;;;;;;
1;;41;42;92;236;1163;4753;5423;1930;672;367;241;160;
2;;40;43;99;249;1221;4691;5450;1782;653;362;238;160;
3;;40;43;104;256;1302;4641;5573;1700;636;357;235;160;
4;;40;44;109;267;1346;4555;5715;1624;620;351;232;158;
5;;40;45;113;273;1368;4432;5805;1551;604;346;228;156;
6;;39;47;116;273;1441;4322;5825;1480;591;341;225;154;
7;;39;47;119;278;1462;4194;5803;1406;577;337;222;153;
8;;39;47;129;281;1492;4047;5772;1346;566;331;219;153;
9;;39;47;140;289;1563;3880;5726;1294;555;329;217;150;
10;;40;49;143;297;1683;3670;5598;1242;542;326;210;149;
11;;40;50;145;313;1898;3497;5417;1200;531;323;207;147;
12;;40;49;152;327;2168;3339;5209;1158;521;321;204;146;
13;;42;48;158;350;2433;3226;4954;1117;511;318;201;144;
14;;43;50;166;379;2641;3090;4726;1083;501;315;198;143;
15;;44;53;171;404;2931;2983;4516;1047;488;312;196;141;
16;;43;55;178;441;3355;2883;4351;1022;480;308;194;139;
17;;42;54;184;459;3761;2838;4224;991;470;305;190;137;
18;;43;57;188;480;3999;2932;4098;963;461;301;188;135;
19;;43;60;192;513;4235;3015;3917;934;452;297;187;133;
20;;42;60;197;542;4409;3134;3690;923;447;293;184;131;
21;;42;61;197;579;4621;3282;3447;914;438;288;182;129;
22;;43;63;207;627;4812;3455;3207;884;430;283;180;127;
23;;44;65;206;703;4944;3711;2992;862;421;279;177;125;
24;;43;66;209;759;4994;3952;2771;836;415;274;175;123;
25;;43;67;210;823;5006;4061;2493;817;407;270;174;120;
26;;43;72;211;858;4970;4239;2381;795;399;266;171;119;
27;;43;76;213;889;4913;4559;2274;776;394;261;169;118;
28;;44;83;220;918;4863;4858;2173;755;387;257;166;118;
29;;43;86;225;969;4815;5014;2082;732;381;252;165;115;
30;;43;88;231;1042;;5143;1994;708;375;247;163;114;
31;;43;;233;1089;;5290;;688;;243;161;;
;;;;;;;;;;;;;;
;;;;;;;;;;;;;;
Station Number : 130400         ;Year: 2020/2021;;;;;;;;;;;;;
Station Name : 1-105 Zambezi At Chavuma Mission (130400);;;;;;;;;;;;;;
Time-Series Type : Flow (cumecs);;;;;;;;;;;;;;
;;;;;;;;;;;;;;
;;Oct  ;Nov  ;Dec  ;Jan  ;Feb  ;Mar  ;Apr  ;May  ;Jun  ;Jul  ;Aug  ;Sep  ;
;;;;;;;;;;;;;;
1;;112;85;116;627;1700;2336;1800;1179;625;356;231;153;
2;;110;83;118;662;1721;2292;2117;1159;608;347;229;150;
3;;108;81;136;690;1793;2204;2483;1185;595;342;225;149;
4;;107;80;163;713;1927;2107;2911;1185;581;337;222;147;
5;;106;80;161;767;2029;2022;3163;1188;564;333;218;146;
6;;105;79;159;773;2121;1955;3303;1193;552;328;216;144;
7;;103;84;160;771;2214;1883;3396;1197;540;324;212;142;
8;;102;85;163;776;2274;1829;3460;1193;529;320;211;140;
9;;107;83;171;783;2303;1875;3423;1172;518;316;207;139;
10;;108;83;181;776;2317;1892;3282;1150;507;311;205;137;
11;;107;81;186;782;2426;1868;3082;1119;498;307;203;133;
12;;106;80;205;798;2530;1857;2865;1094;488;302;198;132;
13;;107;79;224;827;2579;1829;2639;1061;478;298;197;131;
14;;105;79;234;866;2566;1900;2449;1034;469;294;194;128;
15;;106;80;308;924;2475;1843;2283;1011;460;289;191;126;
16;;107;79;333;1012;2373;1739;2147;986;452;286;189;124;
17;;105;82;333;1068;2255;1653;2010;960;444;282;186;122;
18;;105;81;346;1080;2158;1623;1889;924;437;278;183;120;
19;;103;83;367;1083;2058;1618;1792;900;430;275;181;118;
20;;101;84;370;1207;1982;1598;1697;875;421;271;179;116;
21;;100;86;384;1281;1933;1567;1609;851;414;269;177;114;
22;;98;89;393;1345;1867;1552;1546;832;409;264;174;112;
23;;97;92;407;1379;1837;1544;1483;811;401;259;172;110;
24;;96;99;450;1408;1838;1531;1430;784;395;257;171;108;
25;;95;103;466;1526;2032;1494;1390;764;388;252;169;106;
26;;93;105;479;1594;2189;1511;1347;740;384;248;166;104;
27;;91;106;498;1639;2248;1460;1310;723;377;243;163;102;
28;;90;113;513;1620;2269;1444;1273;703;372;242;160;101;
29;;88;112;520;1625;;1465;1240;682;366;241;159;101;
30;;86;114;536;1637;;1530;1214;663;361;238;157;99;
31;;86;;585;1668;;1666;;645;;234;154;;
;;;;;;;;;;;;;;
;;;;;;;;;;;;;;
Station Number : 130400         ;Year: 2021/2022;;;;;;;;;;;;;
Station Name : 1-105 Zambezi At Chavuma Mission (130400);;;;;;;;;;;;;;
Time-Series Type : Flow (cumecs);;;;;;;;;;;;;;
;;;;;;;;;;;;;;
;;Oct  ;Nov  ;Dec  ;Jan  ;Feb  ;Mar  ;Apr  ;May  ;Jun  ;Jul  ;Aug  ;Sep  ;
;;;;;;;;;;;;;;
1;;97;95;126;368;810;1842;2829;1478;529;302;193;120;
2;;96;97;131;374;802;1893;2919;1396;514;298;190;118;
3;;96;96;133;374;808;1919;3032;1352;500;292;188;118;
4;;94;95;135;374;817;1953;3080;1302;488;289;186;117;
5;;93;97;135;376;833;1955;3089;1255;477;285;182;115;
6;;97;98;135;381;833;1937;3064;1168;468;281;180;114;
7;;96;98;133;391;838;1907;2989;1134;454;277;176;112;
8;;96;99;133;437;869;1876;2879;1098;448;272;173;110;
9;;98;99;133;427;911;1810;2772;1070;439;268;172;109;
10;;98;99;131;462;944;1768;2685;1036;430;265;169;108;
11;;98;101;129;495;951;1696;2569;1008;421;263;166;106;
12;;98;103;130;500;987;1660;2477;981;412;257;163;105;
13;;99;101;130;526;1040;1619;2376;956;408;254;160;104;
14;;99;100;135;564;1115;1592;2287;916;400;251;159;101;
15;;98;98;136;589;1161;1551;2233;892;392;247;157;101;
16;;99;97;138;610;1192;1557;2219;862;385;244;154;100;
17;;97;95;143;618;1212;1673;2219;837;379;239;150;99;
18;;93;95;141;646;1245;1712;2203;817;372;235;148;98;
19;;96;98;148;676;1285;1741;2144;794;367;233;147;96;
20;;93;97;149;711;1317;1789;2086;773;361;231;144;93;
21;;96;101;153;735;1317;1829;2023;753;356;227;142;96;
22;;94;110;159;762;1326;1897;1960;728;346;224;139;94;
23;;92;119;179;793;1387;2002;1896;705;339;222;138;93;
24;;91;118;189;814;1468;2103;1830;684;335;218;136;92;
25;;92;116;213;824;1565;2181;1783;659;330;213;133;91;
26;;97;115;248;821;1658;2237;1709;638;326;210;132;91;
27;;96;118;273;815;1733;2302;1645;616;321;207;129;90;
28;;94;119;296;810;1789;2334;1580;597;316;205;127;90;
29;;94;122;324;810;;2388;1557;579;310;203;127;90;
30;;94;126;329;813;;2531;1513;561;306;199;126;91;
31;;93;;359;812;;2708;;544;;197;123;;
;;;;;;;;;;;;;;
;;;;;;;;;;;;;;
Station Number : 130400         ;Year: 2022/2023;;;;;;;;;;;;;
Station Name : 1-105 Zambezi At Chavuma Mission (130400);;;;;;;;;;;;;;
Time-Series Type : Flow (cumecs);;;;;;;;;;;;;;
;;;;;;;;;;;;;;
;;Oct  ;Nov  ;Dec  ;Jan  ;Feb  ;Mar  ;Apr  ;May  ;Jun  ;Jul  ;Aug  ;Sep  ;
;;;;;;;;;;;;;;
1;;91;63;169;489;1966;1083;1350;1582;610;324;193;118;
2;;91;63;180;538;1887;1067;1479;1518;593;320;190;116;
3;;90;66;193;571;1819;1052;1615;1453;576;312;187;113;
4;;89;68;205;590;1748;1036;1716;1404;563;307;184;112;
5;;89;70;215;605;1700;1012;1895;1356;545;302;181;109;
6;;88;72;221;621;1673;992;2103;1317;536;296;179;109;
7;;88;73;228;637;1640;985;2275;1270;521;290;176;108;
8;;86;76;248;643;1724;983;2417;1223;509;286;173;106;
9;;84;76;252;654;1738;973;2548;1189;496;281;170;104;
10;;83;83;252;653;1708;966;2595;1151;486;277;166;103;
11;;81;87;257;651;1691;960;2603;1119;477;270;164;101;
12;;80;90;269;672;1691;953;2586;1081;467;265;161;100;
13;;79;93;273;684;1681;945;2574;1061;458;261;159;99;
14;;76;98;275;741;1648;940;2586;1021;447;258;154;98;
15;;75;101;277;795;1608;941;2614;998;438;254;154;96;
16;;72;105;274;869;1538;936;2597;969;429;251;151;96;
17;;70;106;272;898;1461;934;2565;941;420;246;148;94;
18;;70;107;269;963;1396;925;2485;924;412;241;147;94;
19;;68;113;269;1053;1342;924;2430;887;405;239;144;92;
20;;67;114;274;1147;1289;926;2328;863;398;236;142;90;
21;;65;114;263;1451;1241;925;2235;842;392;231;140;89;
22;;63;119;256;1715;1204;938;2146;817;384;227;139;88;
23;;63;119;270;1879;1197;920;2073;794;376;223;136;87;
24;;64;118;256;2075;1192;918;2003;772;369;220;133;86;
25;;62;122;261;2219;1171;943;1955;750;364;217;132;85;
26;;61;130;270;2334;1141;976;1906;728;360;214;129;84;
27;;61;124;337;2338;1114;1012;1845;704;348;210;128;83;
28;;61;133;365;2266;1100;1056;1776;684;341;207;125;83;
29;;60;144;398;2255;;1095;1700;665;334;203;123;83;
30;;59;157;413;2170;;1151;1631;643;329;201;122;84;
31;;60;;433;2061;;1207;;627;;197;119;;
;;;;;;;;;;;;;;
;;;;;;;;;;;;;;
Station Number : 130400         ;Year: 2023/2024;;;;;;;;;;;;;
Station Name : 1-105 Zambezi At Chavuma Mission (130400);;;;;;;;;;;;;;
Time-Series Type : Flow (cumecs);;;;;;;;;;;;;;
;;;;;;;;;;;;;;
;;Oct  ;Nov  ;Dec  ;Jan  ;Feb  ;Mar  ;Apr  ;May  ;Jun  ;Jul  ;Aug  ;Sep  ;
;;;;;;;;;;;;;;
1;;83;83;107;350;463;369;403;870;385;245;154;93;
2;;82;84;117;367;469;347;410;843;379;241;151;93;
3;;81;85;133;370;468;366;418;821;370;237;149;91;
4;;80;86;142;378;459;369;434;799;364;234;147;90;
5;;79;89;156;382;451;366;440;774;360;230;146;88;
6;;81;91;163;385;444;357;458;750;354;225;143;87;
7;;80;91;167;395;442;350;475;729;352;222;141;86;
8;;79;93;173;410;434;347;500;706;347;219;139;85;
9;;79;95;182;419;425;343;524;686;339;216;137;84;
10;;78;96;188;426;419;344;550;667;333;212;135;83;
11;;78;98;193;444;413;348;585;648;329;209;133;81;
12;;76;103;204;464;411;351;614;631;324;207;132;80;
13;;74;104;207;489;409;356;646;614;320;204;130;79;
14;;72;103;243;500;409;355;677;597;315;201;127;78;
15;;72;106;246;507;409;355;717;582;310;198;126;76;
16;;74;104;249;511;408;361;736;567;304;195;124;74;
17;;73;104;254;515;407;364;764;552;299;192;121;73;
18;;72;104;258;517;404;367;789;536;294;189;120;72;
19;;73;105;266;518;401;371;816;520;290;186;118;71;
20;;72;102;270;527;404;373;839;505;286;183;115;70;
21;;75;103;281;529;404;375;865;493;283;181;113;69;
22;;75;101;282;531;402;378;897;478;279;178;112;68;
23;;77;102;287;530;398;378;925;470;275;176;110;67;
24;;77;104;289;525;394;377;959;458;270;173;107;65;
25;;80;105;292;524;387;379;973;447;266;171;106;64;
26;;79;107;311;518;384;380;971;437;261;169;105;64;
27;;83;107;324;516;383;383;964;427;257;167;102;65;
28;;84;108;326;500;375;385;949;418;254;164;101;64;
29;;83;106;327;490;371;386;916;408;249;161;99;64;
30;;83;112;332;480;;394;891;399;246;159;97;63;
31;;83;;343;474;;397;;393;;157;96;;
;;;;;;;;;;;;;;
;;;;;;;;;;;;;;
Station Number : 130400         ;Year: 2024/2025;;;;;;;;;;;;;
Station Name : 1-105 Zambezi At Chavuma Mission (130400);;;;;;;;;;;;;;
Time-Series Type : Flow (cumecs);;;;;;;;;;;;;;
;;Oct  ;Nov  ;Dec  ;Jan  ;Feb  ;Mar  ;Apr  ;May  ;Jun  ;Jul  ;Aug  ;Sep  ;
;;;;;;;;;;;;;;
1;;63;57;95;131;286;1982;;;;;;;
2;;63;59;96;134;339;2009;;;;;;;
3;;63;59;95;136;365;2039;;;;;;;
4;;62;61;93;144;401;2062;;;;;;;
5;;61;62;95;150;438;2078;;;;;;;
6;;61;61;93;153;494;2085;;;;;;;
7;;63;63;91;158;561;2076;;;;;;;
8;;62;63;91;165;631;2086;;;;;;;
9;;61;65;94;171;696;2089;;;;;;;
10;;61;64;96;178;826;2088;;;;;;;
11;;60;64;96;179;988;2026;;;;;;;
12;;60;64;94;178;1160;;;;;;;;
13;;59;69;92;180;1319;;;;;;;;
14;;57;71;92;182;1488;;;;;;;;
15;;57;72;91;183;1606;;;;;;;;
16;;56;72;89;182;1713;;;;;;;;
17;;55;72;92;181;1790;;;;;;;;
18;;55;72;95;181;1821;;;;;;;;
19;;55;73;93;183;1783;;;;;;;;
20;;54;73;95;186;1729;;;;;;;;
21;;53;74;96;186;1673;;;;;;;;
22;;52;74;99;184;1661;;;;;;;;
23;;52;75;104;186;1673;;;;;;;;
24;;51;75;107;192;1740;;;;;;;;
25;;51;77;109;210;1821;;;;;;;;
26;;55;80;113;197;1906;;;;;;;;
27;;53;83;113;197;1964;;;;;;;;
28;;52;84;118;220;1964;;;;;;;;
29;;53;85;119;237;;;;;;;;;
30;;53;89;121;257;;;;;;;;;
31;;54;;124;263;;;;;;;;;