;;;;;;;;;;;;
;NANA'S FARM FLOWS 1994/95 SEASON;;;;;;;;;;;
;Mean Daily Flows (m3/s);;;;;;;;;;;
;;;;;;;;;;;;
DAY;Oct; Nov;Dec ; Jan;Feb;Mar;Apr ;May;Jun;Jul;Aug;Sep
1;;183;220;321;405;582;973;1490;749;377;296;241
2;;195;226;324;410;596;1016;1473;716;368;295;239
3;;205;231;324;411;600;1024;1456;679;367;293;239
4;;203;237;320;424;606;1067;1439;648;363;291;236
5;;199;236;320;451;611;1095;1422;620;363;291;231
6;;205;238;324;437;624;1120;1406;597;357;290;228
7;;205;234;326;435;630;1163;1389;572;352;286;225
8;;205;235;331;445;638;1204;1373;557;352;284;223
9;;205;239;334;471;650;1248;1356;545;348;280;220
10;;205;247;339;469;657;1290;1341;524;344;280;220
11;;204;245;344;466;667;1330;1335;512;341;280;220
12;;201;243;341;471;674;1375;1323;498;340;280;217
13;;201;244;351;474;683;1423;1314;487;335;280;215
14;;201;244;356;482;689;1460;1299;480;333;276;212
15;198;201;244;361;485;700;1494;1282;472;329;273;213
16;203;201;241;365;495;708;1519;1266;466;329;270;210
17;203;199;241;365;500;720;1522;1248;456;329;270;209
18;201;196;244;367;504;734;1536;1228;443;327;270;207
19;198;196;244;372;508;744;1551;1211;432;320;269;205
20;196;196;247;389;513;758;1559;1193;428;318;265;201
21;196;199;251;381;517;769;1564;1173;425;318;265;201
22;196;205;260;381;524;782;1564;1165;419;318;265;200
23;193;205;267;386;536;798;1564;1148;414;313;265;196
24;196;205;280;390;549;816;1559;1097;408;313;262;196
25;198;205;294;392;550;832;1554;1054;402;313;258;193
26;200;205;295;392;564;855;1545;1020;396;311;254;191
27;198;205;301;392;572;874;1536;980;392;309;254;189
28;193;207;311;392;579;912;1526;934;390;306;250;187
29;190;212;321;392;;928;1511;887;386;307;247;184
30;187;216;319;396;;942;1498;842;381;302;244;182
31;185;;316;401;;955;;805;;300;244;
;;;;;;;;;;;;
;;;;;;;;;;;;
;NANA'S FARM FLOWS 1995/96 SEASON;;;;;;;;;;;
;Mean Daily Flows (m3/s);;;;;;;;;;;
;;;;;;;;;;;;
DAY;Oct; Nov;Dec ; Jan;Feb;Mar;Apr ;May;Jun;Jul;Aug;Sep
1;181;143;196;300;517;601;784;1004;810;398;313;249
2;180;150;209;300;510;568;794;1012;781;392;312;247
3;178;157;206;302;506;570;800;1020;741;387;308;244
4;178;156;212;302;498;581;806;1028;716;386;307;241
5;175;156;220;307;489;587;810;1029;682;381;305;239
6;173;153;230;312;481;591;824;1034;655;378;298;239
7;173;151;236;311;478;596;839;1040;631;371;296;239
8;173;152;241;313;472;598;846;1045;611;368;294;236
9;169;155;239;321;476;604;852;1046;590;363;291;232
10;169;156;241;320;491;615;856;1053;572;358;291;229
11;169;156;243;326;501;627;860;1054;547;357;291;227
12;166;156;240;330;503;638;865;1054;538;357;288;225
13;164;158;245;335;500;643;876;1053;526;352;287;223
14;164;162;260;343;497;657;884;1051;517;352;286;220
15;160;167;268;355;495;671;888;1054;506;351;283;218
16;160;169;265;363;501;680;896;1049;497;347;280;215
17;158;169;265;364;498;682;904;1044;487;344;280;214
18;156;168;268;371;504;683;911;1040;478;340;280;211
19;156;165;277;378;514;684;918;1037;466;340;276;210
20;155;168;287;387;521;691;928;1026;459;337;275;209
21;152;176;295;402;529;696;934;1018;455;335;272;207
22;151;187;294;451;537;703;944;1009;447;335;270;204
23;151;188;298;459;549;712;948;996;439;333;268;203
24;151;187;294;472;556;720;954;983;435;329;265;203
25;150;187;298;493;557;725;961;968;432;327;265;202
26;150;186;308;510;556;734;971;954;426;324;262;201
27;149;183;298;511;554;742;972;938;415;321;259;199
28;148;179;296;519;552;749;980;916;416;318;253;196
29;148;178;296;515;556;757;993;893;410;318;250;192
30;147;180;296;517;;767;997;867;402;315;251;191
31;147;;297;523;;776;;840;;313;249;
;;;;;;;;;;;;
;;;;;;;;;;;;
;NANA'S FARM FLOWS 1996/97 SEASON;;;;;;;;;;;
;Mean Daily Flows (m3/s);;;;;;;;;;;
;;;;;;;;;;;;
DAY;Oct; Nov;Dec ; Jan;Feb;Mar;Apr ;May;Jun;Jul;Aug;Sep
1;191;143;220;313;547;936;1210;1633;1609;723;402;296
2;189;143;222;309;552;926;1239;1641;1593;675;396;296
3;187;141;224;309;559;918;1246;1645;1578;660;392;291
4;186;138;222;318;570;916;1255;1651;1561;652;389;284
5;183;135;220;326;576;940;1272;1652;1542;629;383;280
6;182;135;218;336;586;930;1282;1660;1525;604;378;280
7;179;135;220;341;600;923;1290;1662;1502;592;375;278
8;178;136;222;346;613;922;1305;1670;1481;579;369;275
9;178;137;229;353;629;923;1320;1677;1460;568;363;270
10;175;137;231;360;641;922;1335;1681;1434;556;363;268
11;173;135;234;364;650;918;1355;1687;1414;547;361;265
12;173;135;234;369;665;929;1372;1690;1390;531;358;263
13;171;135;235;381;682;934;1392;1696;1363;514;354;262
14;170;138;239;402;713;939;1410;1701;1337;500;352;269
15;169;140;239;411;752;945;1430;1709;1304;497;349;270
16;167;153;239;418;769;955;1450;1710;1267;493;343;266
17;160;160;239;424;797;963;1466;1710;1248;487;340;260
18;160;183;239;439;831;969;1483;1710;1215;482;338;260
19;156;190;239;441;875;983;1498;1713;1178;472;335;258
20;157;196;243;447;899;993;1511;1714;1143;465;331;256
21;156;196;254;464;918;1009;1526;1711;1096;460;327;251
22;155;197;263;466;942;1013;1540;1704;1060;455;324;249
23;152;196;265;467;950;1023;1555;1700;1016;447;320;246
24;151;196;270;474;956;1074;1567;1699;979;441;316;244
25;150;192;275;490;960;1099;1580;1691;938;435;313;244
26;146;187;281;503;955;1110;1590;1689;897;429;309;239
27;145;184;284;511;947;1119;1603;1677;860;425;307;235
28;146;191;290;519;940;1132;1612;1660;819;422;304;232
29;146;227;301;526;;1144;1621;1642;786;413;300;228
30;143;222;306;558;;1167;1626;1623;752;410;296;224
31;143;;312;544;;1182;;1613;;405;296;
;;;;;;;;;;;;
;;;;;;;;;;;;
;NANA'S FARM FLOWS 1997/98 SEASON;;;;;;;;;;;
;Mean Daily Flows (m3/s);;;;;;;;;;;
;;;;;;;;;;;;
DAY;Oct; Nov;Dec ; Jan;Feb;Mar;Apr ;May;Jun;Jul;Aug;Sep
1;220;187;214;402;703;1291;2689;3144;2231;1044;501;369
2;218;187;215;377;711;1375;2768;3147;2174;1020;497;365
3;215;190;218;392;719;1475;2855;3137;2134;985;492;361
4;212;191;220;405;720;1599;2940;3134;2095;950;491;359
5;210;191;225;424;725;1708;3034;3125;2040;916;487;357
6;210;191;234;430;732;1844;3115;3124;2000;884;484;355
7;208;191;238;443;741;1982;3186;3119;1969;857;478;349
8;205;191;242;447;749;2081;3250;3110;1929;827;470;346
9;203;191;245;451;758;2156;3306;3099;1891;800;465;343
10;203;191;247;453;764;2195;3337;3085;1850;776;457;340
11;207;187;249;453;772;2227;3362;3029;1810;749;453;335
12;203;187;249;458;786;2256;3402;3006;1770;732;453;329
13;208;187;252;474;797;2296;3424;2974;1733;714;452;324
14;210;187;254;481;811;2315;3441;2926;1700;690;441;319
15;207;187;255;491;817;2319;3453;2891;1666;674;437;318
16;196;189;260;502;829;2333;3436;2847;1612;660;434;318
17;194;220;265;517;845;2350;3399;2787;1568;645;429;316
18;196;211;276;527;876;2348;3362;2748;1527;630;425;313
19;196;198;272;534;891;2357;3349;2713;1494;620;418;307
20;193;196;270;547;910;2365;3329;2684;1457;606;411;298
21;191;193;280;554;932;2370;3313;2646;1417;596;407;298
22;189;187;293;564;961;2377;3306;2610;1383;584;404;296
23;191;191;298;579;986;2380;3288;2567;1349;581;401;293
24;187;192;302;588;1016;2381;3271;2529;1310;564;396;289
25;183;196;302;596;1059;2392;3259;2495;1272;558;390;286
26;183;201;309;602;1110;2420;3250;2451;1234;548;383;285
27;184;207;320;626;1160;2441;3230;2412;1199;545;377;281
28;181;213;327;653;1223;2479;3213;2376;1159;557;376;280
29;181;212;338;678;;2511;3180;2339;1121;530;375;277
30;186;211;344;689;;2563;3149;2290;1086;519;375;275
31;190;;349;695;;2621;;2253;;508;371;
;;;;;;;;;;;;
;;;;;;;;;;;;
;NANA'S FARM FLOWS 1998/99 SEASON;;;;;;;;;;;
;Mean Daily Flows (m3/s);;;;;;;;;;;
;;;;;;;;;;;;
DAY;Oct; Nov;Dec ; Jan;Feb;Mar;Apr ;May;Jun;Jul;Aug;Sep
1;275;213;243;419;680;1086;2530;3100;2417;1109;501;355
2;273;208;246;422;682;1120;2478;3148;2368;1072;495;351
3;265;207;245;430;698;1157;2493;3209;2325;1036;488;343
4;262;206;246;435;702;1210;2512;3252;2255;994;483;339
5;259;203;248;437;712;1259;2528;3275;2211;959;477;335
6;254;202;254;441;728;1313;2536;3284;2159;930;469;331
7;252;203;262;444;741;1354;2556;3285;2115;897;463;327
8;247;202;270;448;748;1421;2580;3284;2064;866;459;325
9;243;201;280;453;758;1482;2598;3288;2011;835;453;322
10;243;202;287;466;768;1540;2613;3289;1962;808;447;319
11;243;201;290;475;776;1603;2628;3288;1915;784;443;315
12;243;200;296;479;783;1652;2635;3287;1858;773;437;310
13;243;199;302;485;792;1742;2645;3284;1823;730;433;307
14;242;199;312;499;806;1848;2658;3273;1797;708;427;303
15;242;201;318;502;819;1920;2669;3235;1766;690;420;300
16;239;203;319;508;841;1998;2682;3191;1714;673;418;299
17;233;205;329;517;855;2048;2667;3144;1661;652;414;298
18;231;209;374;529;867;2089;2707;3097;1618;630;407;295
19;232;217;331;534;881;2136;2716;3061;1587;612;402;291
20;236;228;336;546;903;2180;2730;3023;1541;604;400;290
21;236;223;353;560;909;2214;2749;2981;1500;594;395;288
22;236;228;356;564;921;2257;2765;2936;1459;584;394;287
23;236;226;365;579;938;2316;2782;2911;1421;574;391;282
24;235;224;365;596;954;2356;2806;2892;1383;561;384;279
25;234;225;370;599;976;2387;2834;2868;1345;551;378;276
26;229;228;378;611;998;2397;2855;2828;1303;542;372;274
27;225;229;386;619;1025;2417;2891;2698;1271;535;367;273
28;225;232;396;630;1055;2428;2915;2650;1225;527;365;268
29;223;233;407;638;;2423;2981;2650;1195;521;363;262
30;221;236;398;645;;2438;3067;2526;1143;515;360;257
31;217;;403;653;;2463;;2470;;509;357;
;;;;;;;;;;;;
;;;;;;;;;;;;
;NANA'S FARM FLOWS 1999/2000 SEASON;;;;;;;;;;;
;Mean Daily Flows (m3/s);;;;;;;;;;;
;;;;;;;;;;;;
DAY;Oct; Nov;Dec ; Jan;Feb;Mar;Apr ;May;Jun;Jul;Aug;Sep
1;255;229;254;366;512;879;1204;2775;1894;927;451;330
2;254;227;261;372;516;879;1265;2759;1860;885;446;327
3;253;224;263;375;521;878;1345;2737;1827;855;443;324
4;251;222;274;378;517;874;1468;2710;1799;821;438;321
5;251;222;277;382;515;870;1635;2691;1772;797;431;318
6;247;223;286;389;520;871;1905;2669;1739;764;426;316
7;243;226;285;401;521;870;2210;2646;1708;739;421;312
8;240;228;284;410;523;867;2437;2646;1680;714;414;309
9;237;230;285;427;533;869;2602;2615;1659;689;413;307
10;237;232;288;428;532;872;2741;2583;1637;669;408;305
11;237;227;293;436;536;869;2902;2547;1615;654;403;302
12;238;228;299;433;541;874;3024;2511;1574;637;398;296
13;238;230;295;438;546;874;3125;2484;1541;622;392;294
14;237;230;297;447;560;880;3192;2438;1504;609;384;293
15;235;230;312;450;591;884;3247;2410;1471;595;381;289
16;234;232;323;472;587;895;3278;2400;1437;584;379;285
17;233;234;323;454;635;938;3269;2379;1408;568;377;284
18;233;236;318;452;600;949;3254;2352;1382;560;375;284
19;232;237;316;452;637;962;3226;2327;1342;542;372;280
20;232;238;318;453;625;975;3172;2299;1309;534;367;277
21;232;242;323;459;638;985;3144;2265;1275;522;366;274
22;234;244;324;463;641;1008;3111;2233;1243;517;363;269
23;237;247;325;475;655;1024;3080;2203;1208;509;361;267
24;241;247;329;483;764;1043;3046;2174;1175;502;356;265
25;242;249;333;498;753;1060;3006;2144;1148;495;353;263
26;242;246;338;502;779;1067;2966;2115;1115;487;349;263
27;241;246;339;512;789;1080;2935;2084;1076;479;345;260
28;241;244;347;508;858;1092;2891;2051;1042;474;342;256
29;240;247;355;507;;1113;2842;2018;979;470;336;254
30;230;252;360;507;;1133;2797;1989;966;464;333;253
31;233;;361;510;;1167;;1961;;457;333;
;;;;;;;;;;;;
;;;;;;;;;;;;
;NANA'S FARM FLOWS 2000\2001 SEASON;;;;;;;;;;;
;Mean Daily Flows (m3/s);;;;;;;;;;;
;;;;;;;;;;;;
DAY;Oct; Nov;Dec ; Jan;Feb;Mar;Apr ;May;Jun;Jul;Aug;Sep
1;253;189;209;426;705;1253;3119;3372;2646;1414;624;421
2;250;183;207;433;736;1282;3107;3384;2598;1381;618;417
3;246;193;212;442;738;1285;3097;3460;2555;1348;606;414
4;242;189;215;451;748;1379;3097;3493;2510;1314;601;409
5;242;185;223;467;755;1444;3082;3523;2456;1282;589;403
6;240;181;230;474;764;1502;3012;3546;2409;1250;585;401
7;237;179;237;482;770;1559;2981;3554;2358;1214;567;397
8;234;175;245;490;782;1642;2986;3559;2303;1188;555;390
9;231;179;253;499;846;1718;2986;3569;2262;1160;548;389
10;231;180;259;505;856;1758;3005;3566;2221;1145;542;385
11;230;180;264;515;849;1866;2988;3554;2175;1114;536;382
12;226;181;267;526;867;2048;2962;3518;2137;1067;529;379
13;222;182;268;540;870;2148;2948;3470;2097;1047;521;372
14;218;181;268;546;867;2332;2941;3435;2048;1017;515;368
15;217;179;273;559;885;2275;2929;3415;2008;984;509;361
16;214;177;289;568;895;2330;2915;3400;1963;954;504;356
17;210;177;296;574;901;2409;2900;3370;1921;909;496;355
18;207;179;300;585;917;2496;2905;3347;1883;898;488;354
19;203;183;306;590;934;2589;2915;3271;1844;873;486;353
20;201;185;317;604;947;2671;2922;3234;1800;825;481;351
21;197;188;333;609;957;2734;2953;3165;1788;794;477;348
22;193;192;343;615;1007;2804;2960;3126;1770;791;471;345
23;192;193;346;623;1027;2870;2986;3080;1756;776;464;340
24;192;200;363;634;1032;2979;3005;3032;1746;757;461;339
25;190;203;374;641;1050;3015;3051;2986;1736;726;456;338
26;188;202;377;654;1092;3063;3082;2934;1661;713;452;334
27;184;202;379;658;1106;3104;3121;2879;1561;697;443;333
28;180;203;391;675;1142;3126;3182;2832;1517;672;439;327
29;177;204;399;675;;3138;3231;2776;1489;660;435;320
30;180;209;410;687;;3133;3313;2734;1453;654;427;317
31;183;;422;694;;3128;;2685;;641;425;
;;;;;;;;;;;;
;;;;;;;;;;;;
;NANA'S FARM FLOWS 2001\2002 SEASON;;;;;;;;;;;
;Mean Daily Flows (m3/s);;;;;;;;;;;
;;;;;;;;;;;;
DAY;Oct; Nov;Dec ; Jan;Feb;Mar;Apr ;May;Jun;Jul;Aug;Sep
1;315;253;351;463;616;820;1483;1734;1838;1206;521;367
2;314;253;356;467;623;826;1506;1744;1832;1174;519;362
3;306;250;355;473;629;834;1530;1758;1806;1160;514;360
4;304;244;362;481;634;846;1555;1772;1796;1128;508;355
5;303;238;364;482;640;857;1576;1788;1782;1096;501;353
6;301;237;363;488;645;865;1587;1798;1772;1060;492;351
7;300;238;371;493;651;874;1599;1816;1760;1029;488;346
8;297;239;376;495;651;890;1605;1824;1746;957;477;344
9;294;241;392;501;658;904;1611;1828;1726;934;469;343
10;290;244;390;504;667;914;1616;1840;1714;917;467;344
11;288;247;401;512;675;926;1626;1852;1696;892;461;340
12;285;252;403;519;678;939;1634;1860;1677;857;454;336
13;279;253;407;531;690;954;1655;1872;1659;839;449;328
14;276;262;430;532;713;970;1661;1879;1638;803;446;321
15;269;270;438;540;713;993;1677;1885;1618;776;439;316
16;268;273;458;538;713;1009;1700;1887;1595;748;437;314
17;266;273;461;542;714;1025;1688;1889;1572;724;431;309
18;263;277;449;551;720;1052;1688;1893;1551;707;425;308
19;259;279;448;552;727;1077;1692;1889;1530;685;420;306
20;258;285;452;554;733;1101;1696;1887;1507;665;415;306
21;253;287;448;556;742;1121;1687;1887;1477;651;410;305
22;248;296;450;558;751;1150;1696;1889;1447;637;407;303
23;250;306;451;567;763;1178;1694;1887;1427;622;403;302
24;249;308;452;572;779;1204;1692;1887;1407;609;397;298
25;248;310;452;582;784;1239;1692;1885;1374;597;391;296
26;247;314;453;585;791;1278;1692;1881;1348;585;389;296
27;244;328;456;591;803;1319;1700;1877;1326;578;384;294
28;241;337;456;600;813;1359;1708;1868;1296;568;382;290
29;243;345;456;601;;1401;1718;1862;1267;558;377;292
30;246;349;458;605;;1429;1726;1854;1248;550;374;290
31;251;;459;630;;1451;;1846;;540;369;
;;;;;;;;;;;;
;;;;;;;;;;;;
;NANA'S FARM FLOWS 2002\2003 SEASON;;;;;;;;;;;
;Mean Daily Flows (m3/s);;;;;;;;;;;
;;;;;;;;;;;;
DAY;Oct; Nov;Dec ; Jan;Feb;Mar;Apr ;May;Jun;Jul;Aug;Sep
1;288;240;272;368;682;1011;1714;3425;2757;1545;661;425
2;289;246;274;374;691;1022;1754;3536;2734;1515;644;421
3;285;242;273;376;700;1044;1790;3630;2683;1479;631;415
4;284;239;276;384;708;1057;1822;3682;2639;1444;622;410
5;288;238;275;389;723;1080;1846;3728;2598;1412;611;407
6;283;238;273;394;732;1091;1864;3743;2555;1359;598;401
7;278;235;275;398;741;1101;1872;3743;2519;1334;590;394
8;278;229;275;405;751;1119;1903;3743;2485;1299;579;391
9;276;233;281;430;770;1136;1917;3743;2431;1271;570;389
10;272;237;277;437;775;1150;1934;3741;2400;1235;566;383
11;270;235;280;448;785;1162;1948;3732;2338;1202;552;379
12;268;232;283;458;793;1167;1967;3707;2297;1167;547;378
13;264;230;302;467;802;1183;1986;3664;2255;1136;538;374
14;261;231;298;476;811;1206;2013;3615;2214;1114;531;367
15;262;231;298;487;823;1223;2038;3554;2173;1080;522;362
16;261;231;303;496;839;1232;2059;3493;2126;1045;515;361
17;259;234;312;502;849;1253;2082;3460;2082;1014;508;357
18;258;234;314;519;863;1271;2105;3440;2046;984;501;356
19;258;235;317;527;877;1289;2135;3412;1998;952;495;352
20;254;236;326;540;887;1310;2165;3350;1957;918;488;347
21;249;240;330;552;896;1335;2203;3298;1921;899;481;345
22;247;241;333;563;906;1361;2253;3251;1885;868;477;343
23;245;245;331;574;922;1390;2319;3209;1846;837;471;338
24;244;249;336;583;947;1414;2405;3162;1814;810;466;334
25;242;251;349;593;954;1470;2519;3119;1768;788;459;330
26;238;253;345;618;965;1483;2651;3065;1728;758;454;326
27;237;256;349;626;976;1528;2794;3017;1696;745;449;323
28;242;261;354;636;993;1564;2965;2974;1657;727;443;318
29;246;266;359;660;;1599;3131;2922;1620;708;441;313
30;246;268;361;664;;1642;3293;2874;1586;690;436;309
31;241;;362;674;;1675;;2825;;675;430;
;;;;;;;;;;;;
;;;;;;;;;;;;
;NANA'S FARM FLOWS 2003\2004 SEASON;;;;;;;;;;;
;Mean Daily Flows (m3/s);;;;;;;;;;;
;;;;;;;;;;;;
DAY;Oct; Nov;Dec ; Jan;Feb;Mar;Apr ;May;Jun;Jul;Aug;Sep
1;304;236;263;405;721;1152;3728;3937;2837;1576;664;439
2;302;231;267;416;749;1197;3861;3960;2794;1542;650;435
3;301;228;269;425;761;1230;3976;3958;2736;1502;638;427
4;297;228;273;436;781;1312;4045;3929;2688;1457;630;421
5;294;229;275;446;788;1412;4163;3903;2644;1429;616;414
6;290;233;279;449;794;1506;4214;3868;2594;1405;608;410
7;287;233;283;453;803;1481;4260;3858;2557;1350;601;403
8;283;235;284;469;803;1502;4287;3845;2512;1316;590;398
9;279;235;286;477;806;1578;4303;3837;2456;1280;581;394
10;276;235;290;487;813;1656;4295;3821;2413;1246;574;390
11;272;242;295;499;817;1735;4271;3788;2371;1206;564;385
12;268;242;300;506;822;1815;4244;3756;2332;1174;552;382
13;266;241;308;517;836;1897;4163;3720;2299;1152;548;377
14;263;244;312;526;845;1913;4125;3689;2260;1106;542;372
15;262;249;316;530;854;1934;4115;3656;2219;1074;534;368
16;260;256;319;536;887;1954;4088;3592;2175;1049;529;365
17;257;264;331;544;898;1971;4077;3554;2133;1019;521;364
18;253;263;331;555;906;2021;4053;3503;2088;981;514;361
19;248;263;348;567;928;2111;4021;3442;2054;955;506;356
20;300;259;349;570;950;2210;3997;3405;2004;922;501;354
21;262;258;348;576;984;2262;3974;3357;1973;896;496;348
22;252;256;348;589;967;2352;3963;3300;1930;868;491;345
23;251;257;356;631;989;2425;3953;3255;1891;848;486;344
24;246;258;356;619;1007;2539;3929;3211;1846;822;479;340
25;245;259;376;630;1027;2637;3918;3166;1808;796;474;338
26;243;259;379;636;1045;2720;3924;3122;1766;767;469;333
27;242;262;385;647;1065;2886;3903;3078;1728;749;467;327
28;243;271;385;657;1109;3022;3861;3034;1694;729;457;323
29;242;265;389;680;1135;3216;3866;2991;1657;713;454;317
30;239;263;391;692;;3430;3897;2955;1618;692;448;315
31;238;;397;697;;3584;;2917;;675;443;
;;;;;;;;;;;;
;;;;;;;;;;;;
;NANA'S FARM FLOWS 2004\2005 SEASON;;;;;;;;;;;
;Mean Daily Flows (m3/s);;;;;;;;;;;
;;;;;;;;;;;;
DAY;Oct; Nov;Dec ; Jan;Feb;Mar;Apr ;May;Jun;Jul;Aug;Sep
1;314;253;273;413;638;914;1339;1310;1365;745;447;339
2;312;252;276;415;644;926;1348;1310;1355;721;444;337
3;307;233;276;417;654;941;1361;1312;1346;703;439;331
4;305;257;279;424;667;952;1375;1316;1330;684;435;328
5;304;259;289;426;668;957;1374;1317;1321;667;431;327
6;301;258;304;431;672;963;1375;1317;1309;651;426;325
7;300;257;328;435;678;978;1379;1325;1301;636;422;319
8;298;254;360;438;688;1017;1375;1326;1290;622;417;317
9;295;256;437;441;695;1035;1375;1328;1269;609;415;315
10;293;257;401;442;701;1049;1375;1334;1250;600;411;310
11;289;258;381;444;717;1065;1374;1337;1232;590;409;306
12;285;257;367;449;729;1081;1374;1346;1214;578;405;303
13;284;254;361;454;738;1097;1372;1352;1195;568;399;300
14;285;252;359;461;749;1113;1366;1359;1171;559;397;295
15;285;253;355;472;767;1130;1363;1366;1159;552;394;290
16;284;252;354;481;773;1148;1359;1372;1135;542;390;288
17;281;253;356;486;785;1164;1359;1379;1113;534;385;288
18;278;254;359;506;790;1171;1357;1385;1087;526;382;286
19;277;257;361;514;805;1183;1354;1390;1060;519;379;284
20;272;261;362;521;817;1195;1348;1390;1030;514;375;280
21;270;263;365;529;828;1206;1345;1393;1006;506;372;277
22;271;264;370;568;840;1218;1341;1396;975;500;367;276
23;268;266;388;564;851;1228;1339;1397;947;491;364;274
24;265;267;379;574;862;1241;1334;1401;920;487;362;271
25;264;271;382;601;873;1255;1332;1394;888;483;360;269
26;264;275;389;608;884;1267;1326;1392;870;478;355;266
27;263;277;394;626;893;1278;1323;1392;837;474;353;264
28;259;279;395;615;906;1292;1317;1390;817;469;351;260
29;258;271;398;616;;1319;1316;1388;788;463;344;252
30;259;269;401;630;;1326;1312;579;767;458;341;248
31;254;;404;633;;1323;;1372;;452;341;
;;;;;;;;;;;;
;;;;;;;;;;;;
;NANA'S FARM FLOWS 2005\2006 SEASON;;;;;;;;;;;
;Mean Daily Flows (m3/s);;;;;;;;;;;
;;;;;;;;;;;;
DAY;Oct; Nov;Dec ; Jan;Feb;Mar;Apr ;May;Jun;Jul;Aug;Sep
1;246;189;271;374;690;1039;1716;2589;2257;1339;564;375
2;248;188;277;371;703;1039;1770;2578;2229;1298;551;370
3;248;187;281;372;716;1047;1844;2564;2201;1276;542;367
4;245;186;292;384;730;1052;1907;2562;2180;1242;530;362
5;244;187;295;389;744;1054;1975;2557;2146;1206;521;360
6;242;187;310;401;757;1062;2046;2550;2118;1171;510;355
7;237;188;353;409;771;1065;2107;2544;2092;1159;505;355
8;233;189;312;408;785;1065;2152;2535;2065;1126;499;351
9;232;188;310;410;799;1067;2186;2526;2042;1067;492;348
10;231;186;308;421;813;1069;2214;2514;2013;1045;487;345
11;228;190;307;433;826;1067;2255;2503;1990;1016;479;344
12;225;197;308;444;841;1075;2295;2494;1963;976;474;339
13;223;202;309;455;855;1109;2349;2489;1935;944;469;338
14;219;207;304;467;869;1145;2391;2485;1908;906;463;334
15;214;201;301;478;884;1147;2422;2476;1881;879;457;333
16;215;204;300;490;898;1166;2454;2467;1830;842;449;331
17;214;207;303;502;913;1209;2476;2467;1819;803;446;328
18;211;204;301;513;927;1303;2514;2465;1785;775;433;325
19;210;204;326;526;942;1316;2535;2463;1740;758;432;318
20;210;203;325;538;957;1335;2544;2451;1708;732;427;316
21;211;204;331;550;971;1355;2559;2438;1673;713;424;312
22;208;210;333;562;978;1379;2589;2422;1645;691;420;306
23;207;215;335;574;983;1416;2603;2407;1612;674;417;301
24;204;217;334;587;1080;1446;2614;2391;1576;657;414;300
25;203;223;333;600;1040;1468;2619;2385;1545;638;410;297
26;202;231;325;612;1039;1502;2614;2376;1507;623;405;296
27;199;233;335;625;1037;1528;2612;2365;1475;615;396;294
28;196;245;343;638;1047;1559;2607;2349;1444;601;390;292
29;195;251;359;650;;1580;2603;2332;1412;586;390;291
30;192;261;362;664;;1618;2594;2308;1381;575;389;289
31;190;;368;677;;1665;;2288;;568;384;
;;;;;;;;;;;;
;;;;;;;;;;;;
;NANA'S FARM FLOWS 2006\2007 SEASON;;;;;;;;;;;
;Mean Daily Flows (m3/s);;;;;;;;;;;
;;;;;;;;;;;;
DAY;Oct; Nov;Dec ; Jan;Feb;Mar;Apr ;May;Jun;Jul;Aug;Sep
1;288;266;331;527;947;4287;3602;3087;2268;1269;677;477
2;287;267;336;546;970;4440;3556;3065;2223;1242;670;471
3;280;268;337;567;1002;4478;3549;3044;2186;1227;657;466
4;280;267;343;567;1039;4484;3518;3027;2156;1197;649;461
5;276;264;345;579;1072;4475;3493;3005;2128;1176;640;456
6;272;264;352;590;1119;4470;3465;2984;2092;1160;631;452
7;271;264;356;619;1168;4492;3445;2905;2052;1140;623;448
8;268;264;364;615;1218;4498;3420;2900;2017;1109;616;443
9;267;269;370;615;1290;4487;3395;2898;1990;1077;601;438
10;264;271;377;623;1383;4464;3372;2898;1950;1060;600;436
11;262;275;381;630;1475;4475;3365;2893;1915;1037;591;433
12;259;278;385;634;1587;4511;3365;2877;1883;1012;587;431
13;262;280;386;641;1690;4522;3372;2839;1852;1002;581;424
14;259;280;389;650;1814;4514;3367;2823;1816;993;575;417
15;259;279;396;660;1919;4495;3365;2804;1778;970;570;411
16;261;288;405;667;2015;4464;3360;2778;1744;938;559;410
17;263;283;413;678;2086;4440;3360;2752;1706;912;555;403
18;262;289;421;694;2169;4412;3355;2722;1671;887;548;400
19;262;296;425;707;2247;4369;3350;2693;1640;867;543;394
20;266;290;431;717;2352;4311;3340;2665;1603;851;539;390
21;268;289;436;727;2460;4241;3320;2632;1570;832;531;389
22;270;291;449;745;2589;4190;3303;2594;1538;814;526;384
23;276;290;452;773;2853;4144;3288;2555;1506;796;521;383
24;275;293;459;781;3070;4090;3266;2521;1475;775;515;378
25;276;305;467;799;3273;4011;3243;2489;1446;766;508;376
26;277;312;474;819;3483;3921;3224;2458;1414;754;502;371
27;276;318;481;831;3625;3845;3194;2434;1385;741;500;368
28;273;321;488;846;3976;3811;3172;2398;1354;726;495;369
29;269;323;497;863;;3749;3148;2367;1325;714;491;368
30;268;327;506;890;;3687;3109;2334;1299;701;488;362
31;266;;517;922;;3638;;2299;;687;482;
;;;;;;;;;;;;
;;;;;;;;;;;;
;NANA'S FARM FLOWS 2007\2008 SEASON;;;;;;;;;;;
;Mean Daily Flows (m3/s);;;;;;;;;;;
;;;;;;;;;;;;
DAY;Oct; Nov;Dec ; Jan;Feb;Mar;Apr ;May;Jun;Jul;Aug;Sep
1;359;314;337;547;1321;2827;2727;2986;2135;1197;568;399
2;354;310;337;559;1372;2931;2711;2965;2118;1171;562;397
3;352;310;344;582;1444;3003;2706;2936;2101;1160;554;391
4;348;309;347;608;1462;3061;2694;2931;2076;1148;544;388
5;347;309;382;829;1487;3121;2697;2907;2052;1133;536;381
6;345;309;370;758;1519;3148;2711;2886;2023;1113;532;377
7;343;312;370;763;1547;3162;2725;2865;1986;1075;525;376
8;341;317;376;820;1645;3172;2734;2841;1928;1040;519;374
9;338;320;378;873;1649;3170;2748;2820;1889;997;513;372
10;334;312;384;887;1708;3158;2764;2797;1842;963;505;370
11;328;308;388;907;1714;3141;2771;2764;1796;933;495;365
12;323;304;394;907;1748;3121;2794;2743;1770;904;488;362
13;326;303;419;920;1776;3107;2815;2711;1738;877;487;355
14;323;304;431;906;1798;3073;2837;2674;1704;846;482;353
15;319;303;424;909;1810;3022;2853;2644;1671;825;478;347
16;319;304;424;914;1832;3000;2881;2614;1644;797;473;345
17;319;305;433;917;1836;2984;2900;2584;1612;775;466;343
18;321;309;442;926;1860;2976;2922;2555;1587;758;461;338
19;321;314;436;954;1879;2965;2960;2514;1557;738;457;333
20;320;319;453;958;1903;2957;3000;2483;1528;716;454;330
21;318;319;456;986;1936;2943;3000;2460;1498;700;449;327
22;320;320;461;1001;1977;2922;3005;2431;1470;682;444;325
23;321;323;468;1012;2038;2888;3024;2396;1440;668;439;321
24;320;324;471;1045;2116;2870;3029;2367;1410;655;435;318
25;319;330;510;1102;2208;2851;3032;2343;1381;643;430;315
26;313;328;510;1067;2323;2837;3041;2305;1352;630;426;312
27;310;330;513;1094;2420;2799;3041;2277;1330;619;421;308
28;315;338;527;1123;2530;2783;3029;2240;1294;605;417;305
29;313;339;532;1154;2671;2764;3022;2201;1264;597;415;301
30;314;337;530;1235;;2750;3003;2171;1234;586;409;298
31;319;;539;1294;;2734;;2148;;578;407;
;;;;;;;;;;;;
;;;;;;;;;;;;
;NANA'S FARM FLOWS 2008\2009 SEASON;;;;;;;;;;;
;Mean Daily Flows (m3/s);;;;;;;;;;;
;;;;;;;;;;;;
DAY;Oct; Nov;Dec ; Jan;Feb;Mar;Apr ;May;Jun;Jul;Aug;Sep
1;277;208;319;620;1025;1591;5389;4058;2279;1299;616;422
2;274;207;323;624;1034;1636;5389;3960;2240;1271;601;419
3;270;206;329;630;1050;1687;5380;3861;2197;1246;596;415
4;266;209;333;636;1069;1790;5371;3790;2148;1216;586;413
5;258;211;338;641;1085;1872;5313;3723;2126;1186;578;408
6;248;212;343;644;1107;1961;5301;3684;2076;1160;571;403
7;247;213;347;655;1114;1977;5298;3635;2046;1130;564;398
8;246;216;354;665;1124;2017;5231;3597;2011;1101;555;395
9;245;219;357;697;1136;2210;5170;3531;1963;1077;544;390
10;246;220;364;700;1152;2308;5141;3460;2015;1052;538;385
11;244;224;371;703;1179;2376;5115;3347;1977;1027;536;382
12;243;232;382;704;1195;2535;5098;3275;1944;997;531;378
13;241;237;392;719;1211;2584;5098;3202;1907;962;526;375
14;238;240;399;720;1223;2651;5104;3138;1874;935;517;370
15;236;245;425;729;1246;2741;5090;3080;1846;907;512;365
16;233;247;438;739;1257;2848;5029;3034;1800;879;506;362
17;232;245;454;758;1276;2965;4983;2969;1758;854;502;359
18;230;249;474;770;1301;3155;4958;2907;1718;831;496;356
19;227;251;487;787;1325;3410;4901;2877;1677;810;487;349
20;224;278;497;808;1352;3661;4847;2820;1645;788;482;347
21;223;277;508;813;1370;3953;4788;2769;1612;769;477;344
22;223;287;510;828;1396;4233;4700;2713;1578;751;473;340
23;222;309;529;840;1421;4456;4539;2669;1547;733;468;337
24;218;283;546;854;1436;4675;4437;2626;1513;720;463;336
25;217;287;558;868;1462;4861;4412;2584;1481;707;457;334
26;216;286;560;890;1487;5023;4377;2535;1451;690;451;326
27;212;291;585;925;1521;5153;4325;2478;1418;674;447;326
28;210;301;602;930;1561;5246;4287;2447;1392;655;442;324
29;209;302;606;949;;5330;4211;2400;1359;647;437;319
30;208;314;611;968;;5357;4139;2363;1326;637;433;315
31;207;;616;988;;5366;;2321;;626;426;
;;;;;;;;;;;;
;;;;;;;;;;;;
;NANA'S FARM FLOWS 2009/2010 SEASON;;;;;;;;;;;
;Mean Daily Flows (m3/s);;;;;;;;;;;
;;;;;;;;;;;;
DAY;Oct; Nov;Dec ; Jan;Feb;Mar;Apr ;May;Jun;Jul;Aug;Sep
1;317;262;334;519;918;1734;4720;4700;3365;1822;949;551
2;316;269;337;525;931;1788;4712;4754;3290;1774;930;546
3;317;271;351;534;942;1858;4686;4782;3226;1756;901;539
4;318;268;364;546;952;1961;4658;4793;3162;1738;879;534
5;318;266;381;558;967;1988;4619;4807;3104;1708;863;529
6;317;268;386;594;978;2101;4578;4813;3041;1683;843;522
7;315;268;394;591;996;2182;4545;4804;2984;1647;820;514
8;313;267;409;606;1019;2279;4492;4788;2926;1609;808;508
9;309;267;405;609;1032;2378;4531;4782;2874;1559;794;502
10;304;271;409;626;1052;2463;4484;4743;2820;1515;778;493
11;300;276;426;640;1072;2553;4478;4717;2759;1475;764;488
12;297;272;425;653;1091;2655;4412;4675;2704;1444;744;479
13;296;272;435;662;1102;2771;4382;4639;2660;1410;732;478
14;296;278;433;668;1126;2886;4336;4594;2605;1381;721;473
15;293;283;441;685;1145;3041;4287;4525;2553;1357;710;468
16;290;283;446;695;1167;3194;4235;4462;2501;1326;697;462
17;288;278;453;707;1190;3400;4198;4371;2431;1296;682;458
18;286;274;457;720;1258;3664;4179;4284;2389;1266;672;451
19;278;276;456;739;1264;3900;4155;4235;2327;1239;662;447
20;274;297;456;745;1299;4112;4149;4190;2281;1211;653;442
21;274;308;461;754;1323;4281;4190;4123;2240;1183;644;439
22;274;309;464;767;1381;4388;4233;4072;2191;1166;636;433
23;269;309;467;782;1409;4478;4295;3997;2150;1140;624;430
24;271;314;472;791;1447;4558;4385;3926;2111;1118;616;425
25;271;320;483;808;1502;4617;4410;3863;2063;1091;605;421
26;269;318;486;819;1570;4672;4440;3795;2019;1069;600;416
27;266;316;487;831;1624;4698;4478;3728;1983;1045;593;414
28;266;318;492;848;1675;4757;4542;3653;1938;1025;583;409
29;267;325;509;865;;4779;4600;3592;1893;1006;578;403
30;268;330;513;877;;4765;4664;3518;1858;976;567;399
31;249;;514;903;;4757;;3455;;957;560;
;;;;;;;;;;;;
;;;;;;;;;;;;
;NANA'S FARM FLOWS 2010/2011 SEASON;;;;;;;;;;;
;Mean Daily Flows (m3/s);;;;;;;;;;;
;;;;;;;;;;;;
DAY;Oct; Nov;Dec ; Jan;Feb;Mar;Apr ;May;Jun;Jul;Aug;Sep
1;395;294;339;547;1532;3034;3749;4314;3229;1634;808;532
2;391;292;336;559;1611;3124;3756;4306;3153;1607;802;527
3;386;294;337;578;1692;3256;3764;4287;3102;1557;785;522
4;384;293;343;596;1738;3372;3769;4276;3056;1521;773;515
5;377;293;347;612;1782;3458;3775;4263;3012;1487;758;510
6;372;291;348;631;1808;3521;3759;4254;2998;1457;745;502
7;370;288;352;637;1856;3566;3782;4244;2891;1421;730;496
8;367;284;355;662;1885;3597;3819;4227;2823;1390;716;492
9;364;289;356;684;1903;3625;3821;4211;2757;1357;707;486
10;362;287;360;704;1917;3633;3824;4182;2694;1328;700;477
11;360;301;377;720;1924;3640;3868;4152;2632;1303;687;473
12;355;297;381;730;1959;3643;3900;4133;2580;1274;677;469
13;353;293;394;764;1977;3638;3918;4112;2519;1244;668;463
14;348;297;399;794;2008;3628;3950;4088;2460;1202;655;459
15;345;295;404;808;2023;3630;3976;4061;2405;1188;647;456
16;339;289;411;832;2059;3643;4003;4035;2365;1162;636;454
17;335;287;420;868;2095;3653;4032;3997;2297;1138;626;449
18;331;288;421;885;2135;3643;4056;3960;2242;1113;619;444
19;330;290;421;906;2180;3638;4074;3913;2182;1091;613;438
20;326;288;424;938;2231;3638;4098;3884;2133;1065;606;435
21;318;301;430;975;2292;3643;4131;3840;2082;1042;600;431
22;320;295;438;993;2371;3651;4149;3798;2027;1014;594;426
23;319;297;444;1034;2442;3651;4173;3746;1981;997;586;424
24;313;302;449;1060;2514;3656;4198;3694;1936;976;578;419
25;312;306;457;1097;2587;3679;4235;3646;1881;952;572;413
26;308;318;463;1142;2711;3687;4260;3594;1832;933;567;408
27;304;315;471;1193;2783;3687;4271;3554;1792;912;562;405
28;304;317;483;1299;2905;3694;4290;3518;1746;895;555;401
29;297;321;505;1321;;3710;4292;3450;1706;877;547;397
30;295;334;519;1397;;3720;4303;3350;1669;849;540;392
31;294;;531;1464;;3741;;3290;;828;538;
;;;;;;;;;;;;
;;;;;;;;;;;;
;NANA'S FARM FLOWS 2011/2012 SEASON;;;;;;;;;;;
;Mean Daily Flows (m3/s);;;;;;;;;;;
;;;;;;;;;;;;
DAY;Oct; Nov;Dec ; Jan;Feb;Mar;Apr ;May;Jun;Jul;Aug;Sep
1;390;325;371;615;970;1708;2402;3305;2496;1225;601;442
2;384;319;374;616;1012;1734;2418;3345;2445;1167;594;439
3;383;310;377;620;997;1748;2427;3372;2411;1160;583;436
4;381;313;382;626;1011;1766;2445;3390;2352;1154;575;436
5;381;310;384;633;1029;1782;2472;3390;2303;1123;571;425
6;377;309;397;640;1049;1790;2494;3412;2260;1091;566;422
7;368;309;397;645;1067;1795;2512;3410;2221;1059;555;415
8;365;308;402;651;1082;1806;2557;3382;2175;1025;547;413
9;364;306;403;662;1104;1818;2573;3365;2133;997;543;409
10;362;305;421;670;1116;1824;2603;3347;2078;967;535;405
11;360;306;431;680;1133;1844;2630;3337;2031;938;529;402
12;354;306;436;687;1160;1846;2653;3315;1986;912;525;398
13;351;308;466;690;1166;1864;2669;3285;1954;887;517;395
14;348;308;452;733;1239;1883;2681;3261;1905;867;515;391
15;347;308;464;730;1214;1899;2706;3224;1862;842;513;389
16;345;313;471;742;1264;1934;2741;3194;1822;816;508;385
17;345;315;479;749;1292;1967;2766;3153;1778;794;504;382
18;345;319;492;760;1317;1996;2787;3116;1738;773;496;377
19;343;318;504;770;1365;2019;2820;3077;1698;754;493;374
20;345;321;515;793;1416;2050;2844;3036;1657;738;488;372
21;345;325;519;805;1412;2076;2874;2998;1614;723;486;368
22;346;326;526;817;1447;2101;2915;2953;1572;710;483;364
23;349;330;535;829;1477;2143;2950;2903;1534;697;481;361
24;349;338;542;846;1561;2171;2988;2855;1502;681;474;360
25;349;381;563;857;1553;2201;3024;2823;1459;670;469;340
26;341;367;555;867;1605;2229;3058;2776;1420;655;464;338
27;339;369;564;920;1628;2260;3058;2732;1385;647;458;336
28;336;379;575;915;1667;2290;3155;2681;1348;634;454;334
29;334;372;581;914;1683;2321;3207;2637;1314;627;452;331
30;333;370;597;928;;2349;3261;2591;1278;619;448;327
31;329;;605;963;;2378;;2553;;609;442;
;;;;;;;;;;;;
;;;;;;;;;;;;
;NANA'S FARM FLOWS 2012/2013 SEASON;;;;;;;;;;;
;Mean Daily Flows (m3/s);;;;;;;;;;;
;;;;;;;;;;;;
DAY;Oct; Nov;Dec ; Jan;Feb;Mar;Apr ;May;Jun;Jul;Aug;Sep
1;325;277;345;589;1267;3290;3162;2986;1961;920;502;386
2;320;274;347;604;1327;3335;3143;2976;1915;890;501;384
3;318;269;351;620;1383;3347;3121;2974;1862;862;499;381
4;317;273;359;634;1472;3375;3094;2974;1830;840;496;378
5;316;278;366;661;1572;3365;3070;2972;1790;816;492;376
6;313;279;367;685;1688;3377;3034;2953;1746;790;487;370
7;309;278;367;697;1808;3385;3022;2934;1705;770;482;367
8;307;278;371;732;1924;3401;3010;2917;1669;751;476;364
9;305;278;372;751;2042;3430;3005;2891;1628;723;472;362
10;304;278;381;755;2101;3453;2986;2867;1586;713;467;359
11;303;279;391;757;2154;3435;2967;2853;1557;698;464;355
12;302;284;391;778;2216;3412;2950;2815;1521;680;458;353
13;300;290;401;778;2336;3414;2929;2780;1487;668;454;349
14;296;296;408;829;2400;3442;2922;2743;1457;658;452;348
15;295;302;411;840;2480;3463;2915;2711;1416;644;449;347
16;295;306;413;881;2544;3488;2915;2669;1385;633;443;345
17;295;309;424;893;2605;3498;2910;2628;1348;623;441;343
18;293;309;424;907;2667;3511;2907;2589;1316;612;437;339
19;295;310;431;915;2722;3511;2910;2532;1285;601;433;336
20;295;315;448;931;2780;3503;2915;2494;1253;594;422;335
21;293;318;456;944;2844;3483;2917;2467;1214;583;421;333
22;293;319;467;958;2924;3445;2924;2416;1188;574;421;329
23;301;320;479;976;2991;3430;2929;2365;1162;567;420;326
24;290;319;502;999;3044;3412;2938;2321;1135;558;416;320
25;288;325;518;1025;3094;3382;2948;2284;1106;552;414;319
26;287;328;522;1050;3131;3355;2950;2219;1072;546;409;320
27;287;347;535;1074;3184;3326;2962;2178;1040;540;405;319
28;285;348;546;1106;3248;3288;2972;2133;1009;534;402;317
29;284;347;552;1140;;3264;2981;2092;978;529;399;316
30;277;346;564;1167;;3231;2991;2052;954;518;395;312
31;278;;576;1213;;3202;;2006;;508;391;
;;;;;;;;;;;;
;;;;;;;;;;;;
;NANA'S FARM FLOWS 2013/2014 SEASON;;;;;;;;;;;
;Mean Daily Flows (m3/s);;;;;;;;;;;
;;;;;;;;;;;;
DAY;Oct; Nov;Dec ; Jan;Feb;Mar;Apr ;May;Jun;Jul;Aug;Sep
1;308;234;292;640;851;1498;2310;3268;3056;1818;870;487
2;305;234;295;682;862;1511;2363;3256;3008;1780;849;482
3;304;233;295;755;871;1536;2431;3241;2972;1752;825;479
4;301;235;305;772;890;1597;2507;3229;2929;1706;805;474
5;300;233;312;785;903;1612;2589;3214;2893;1667;782;468
6;297;232;314;808;917;1640;2638;3204;2846;1620;764;464
7;295;234;321;825;934;1714;2780;3180;2776;1587;747;459
8;293;237;328;839;962;1712;2867;3177;2727;1557;727;454
9;290;239;338;856;989;1746;2967;3182;2699;1523;714;448
10;289;248;343;860;1016;1780;3048;3194;2660;1490;698;446
11;288;251;362;862;1020;1804;3128;3209;2623;1475;684;442
12;285;252;365;863;1045;1846;3194;3216;2578;1429;670;436
13;283;251;383;865;1084;1874;3263;3226;2537;1392;655;432
14;281;257;392;839;1116;1893;3332;3231;2505;1364;647;426
15;279;258;405;826;1136;1915;3390;3246;2463;1330;633;421
16;275;257;417;816;1159;1934;3420;3261;2422;1299;622;417
17;274;257;425;803;1174;1957;3430;3275;2385;1269;609;415
18;272;261;442;794;1197;1969;3415;3280;2343;1239;598;408
19;269;257;452;790;1220;1977;3402;3275;2301;1206;591;404
20;268;261;446;788;1244;1981;3385;3273;2255;1178;582;398
21;266;259;454;785;1266;1963;3375;3268;2201;1159;575;390
22;265;259;472;781;1291;1983;3367;3268;2150;1133;566;390
23;262;279;486;778;1325;1996;3355;3263;2122;1101;559;385
24;246;278;495;779;1345;2015;3342;3236;2086;1075;548;383
25;243;288;492;781;1375;2033;3326;3224;2050;1049;540;379
26;241;277;505;793;1409;2063;3318;3216;2011;1019;531;377
27;240;276;515;793;1444;2097;3313;3211;1969;991;523;372
28;239;278;548;811;1479;2126;3303;3177;1934;968;515;368
29;236;279;559;820;;2158;3278;3150;1895;938;510;365
30;236;287;563;843;;2193;3278;3116;1856;917;501;362
31;235;;571;851;;2251;;3082;;893;496;
;;;;;;;;;;;;
;;;;;;;;;;;;
;NANA'S FARM FLOWS 2014/2015 SEASON;;;;;;;;;;;
;Mean Daily Flows (m3/s);;;;;;;;;;;
;;;;;;;;;;;;
DAY;Oct; Nov;Dec ; Jan;Feb;Mar;Apr ;May;Jun;Jul;Aug;Sep
1;360;287;301;424;687;944;1218;1366;1470;999;486;353
2;356;283;308;454;707;944;1232;1365;1466;973;478;347
3;355;283;310;456;719;965;1248;1361;1462;941;473;347
4;352;283;314;476;727;978;1253;1357;1460;914;467;345
5;344;286;341;479;738;989;1285;1354;1449;885;461;339
6;341;283;319;477;744;999;1303;1354;1446;860;456;338
7;339;285;319;477;751;1014;1310;1354;1438;813;452;337
8;338;287;319;486;755;1022;1319;1352;1431;797;446;335
9;338;287;321;492;767;1032;1319;1348;1420;770;441;331
10;337;288;325;505;772;1042;1326;1361;1410;745;436;328
11;335;290;333;506;779;1059;1332;1365;1397;723;432;325
12;331;292;341;513;785;1070;1337;1368;1390;704;427;320
13;330;300;345;522;793;1082;1346;1370;1377;685;424;316
14;326;295;355;526;797;1097;1348;1379;1365;668;419;312
15;325;287;361;531;832;1109;1355;1385;1352;651;414;309
16;320;287;359;534;828;1119;1359;1392;1337;637;409;304
17;316;285;369;560;828;1130;1363;1397;1321;623;405;304
18;313;292;370;590;831;1140;1366;1403;1303;609;403;301
19;308;286;364;585;839;1150;1370;1412;1287;598;401;295
20;308;290;362;575;845;1155;1372;1420;1267;589;396;293
21;305;293;371;572;854;1162;1374;1427;1246;579;391;290
22;303;294;381;581;862;1167;1377;1436;1228;568;388;288
23;298;296;383;582;867;1169;1381;1440;1209;558;383;286
24;297;297;395;590;877;1176;1379;1451;1186;548;377;284
25;293;297;398;608;885;1179;1379;1457;1166;540;374;279
26;288;301;403;623;896;1181;1379;1462;1145;529;371;276
27;284;302;409;633;906;1183;1377;1464;1116;523;368;275
28;295;289;411;641;917;1185;1374;1468;1089;514;365;274
29;293;294;417;650;;1197;1372;1468;1064;504;361;272
30;290;296;411;668;;1202;1374;1468;1034;499;357;271
31;290;;421;678;;1206;;1470;;493;355;
;;;;;;;;;;;;
;;;;;;;;;;;;
;NANA'S FARM FLOWS 2015/2016 SEASON;;;;;;;;;;;
;Mean Daily Flows (m3/s);;;;;;;;;;;
;;;;;;;;;;;;
DAY;Oct; Nov;Dec ; Jan;Feb;Mar;Apr ;May;Jun;Jul;Aug;Sep
1;270;222;236;351;556;923;2544;2874;2184;1077;490;356
2;268;222;241;359;563;958;2546;2870;2148;1052;482;354
3;265;221;242;364;576;976;2546;2867;2114;988;477;353
4;264;217;242;374;585;1012;2548;2865;2097;960;473;349
5;263;211;245;377;598;1044;2544;2858;2042;934;464;347
6;259;208;248;383;613;1101;2564;2841;2000;903;458;345
7;256;206;252;389;623;1123;2575;2834;1961;870;453;343
8;253;206;258;395;634;1171;2573;2830;1924;837;452;338
9;251;206;262;398;641;1262;2591;2813;1885;800;448;336
10;249;204;268;408;648;1321;2621;2799;1868;785;444;333
11;246;203;272;417;658;1412;2651;2790;1832;751;437;327
12;244;202;274;421;667;1530;2681;2787;1794;729;433;324
13;245;202;276;430;677;1634;2711;2780;1732;710;430;323
14;245;202;278;439;685;1750;2738;2769;1694;690;430;320
15;245;202;279;451;700;1858;2762;2745;1657;671;425;317
16;246;208;289;452;705;1986;2771;2711;1618;658;420;295
17;245;204;283;453;714;2101;2785;2690;1578;640;416;291
18;245;211;278;457;724;2186;2823;2681;1542;620;411;289
19;242;215;287;467;738;2286;2839;2630;1504;606;410;286
20;241;219;287;472;744;2334;2851;2596;1466;594;407;283
21;238;217;290;481;757;2354;2858;2580;1429;581;404;279
22;235;220;294;492;778;2385;2881;2535;1390;571;399;278
23;233;226;303;508;787;2400;2877;2492;1354;560;395;275
24;231;230;318;525;800;2411;2879;2460;1317;548;388;272
25;229;228;325;525;816;2416;2870;2445;1280;540;384;270
26;229;232;328;526;831;2431;2860;2402;1244;529;381;267
27;228;230;330;534;856;2458;2858;2367;1211;523;375;264
28;224;228;333;539;867;2480;2863;2339;1174;518;362;262
29;222;224;343;540;893;2521;2865;2312;1145;509;359;261
30;223;231;346;544;;2535;2872;2288;1109;502;357;261
31;223;;351;551;;2539;;2221;;496;356;
;;;;;;;;;;;;
;;;;;;;;;;;;
;NANA'S FARM FLOWS 2016/2017 SEASON;;;;;;;;;;;
;Mean Daily Flows (m3/s);;;;;;;;;;;
;;;;;;;;;;;;
DAY;Oct; Nov;Dec ; Jan;Feb;Mar;Apr ;May;Jun;Jul;Aug;Sep
1;257;200;224;442;1020;1289;2648;3121;1908;1031;466;323
2;256;198;223;446;1052;1303;2870;3073;1872;1006;460;319
3;253;192;221;456;1057;1312;2981;3029;1854;971;454;315
4;252;193;219;474;1067;1321;3136;2993;1826;926;451;309
5;252;194;224;481;1074;1390;3283;2945;1784;877;446;306
6;252;196;231;481;1080;1361;3405;2912;1752;847;439;304
7;251;194;239;483;1092;1370;3498;2867;1722;818;431;303
8;250;192;240;479;1104;1419;3564;2832;1692;794;428;300
9;245;189;241;481;1123;1431;3623;2787;1665;771;422;296
10;245;184;243;495;1133;1511;3671;2741;1647;740;414;292
11;240;181;251;492;1143;1506;3694;2701;1607;716;410;290
12;238;181;261;499;1150;1515;3710;2658;1572;693;404;285
13;236;180;276;514;1145;1517;3712;2619;1545;673;402;280
14;232;177;286;521;1143;1528;3715;2587;1521;656;398;279
15;228;181;301;542;1142;1543;3715;2544;1490;638;392;275
16;228;180;313;552;1164;1547;3687;2494;1460;621;389;274
17;227;183;316;593;1142;1547;3640;2478;1434;607;386;271
18;226;186;320;602;1148;1549;3602;2416;1403;592;379;267
19;222;185;338;608;1150;1557;3575;2374;1375;581;375;266
20;217;187;333;623;1142;1574;3536;2327;1348;569;371;261
21;216;188;333;651;1150;1580;3488;2288;1321;557;365;259
22;217;195;333;690;1227;1636;3400;2253;1290;548;363;254
23;216;197;337;832;1200;1685;3395;2214;1264;538;363;253
24;214;212;344;909;1213;1746;3372;2173;1232;529;359;249
25;213;212;351;962;1221;1830;3345;2146;1202;519;350;247
26;213;217;357;976;1260;1917;3327;2116;1173;512;345;246
27;210;214;362;986;1237;2017;3318;2097;1144;502;340;242
28;207;223;368;1006;1317;2131;3268;2073;1115;494;336;240
29;206;224;396;1017;;2242;3236;2006;1087;486;333;235
30;203;226;408;1019;;2349;3170;1965;1059;480;329;233
31;203;;417;1022;;2480;;1936;;471;327;
;;;;;;;;;;;;
;;;;;;;;;;;;
;NANA'S FARM FLOWS 2017/2018 SEASON;;;;;;;;;;;
;Mean Daily Flows (m3/s);;;;;;;;;;;
;;;;;;;;;;;;
DAY;Oct; Nov;Dec ; Jan;Feb;Mar;Apr ;May;Jun;Jul;Aug;Sep
1;232;197;240;471;828;2107;3278;4058;3824;1944;950;534
2;230;203;241;476;846;2175;3305;4093;3754;1901;925;529
3;227;208;242;492;865;2257;3337;4157;3689;1846;903;523
4;225;208;245;499;867;2352;3345;4198;3630;1796;877;518
5;222;207;251;514;890;2398;3342;4241;3536;1744;859;512
6;222;206;256;523;893;2478;3390;4271;3440;1710;840;505
7;216;205;261;532;914;2523;3415;4314;3372;1665;819;499
8;220;200;278;544;981;2589;3478;4344;3310;1626;802;493
9;219;197;296;554;970;2589;3493;4369;3251;1589;782;485
10;219;195;296;563;984;2720;3505;4393;3192;1555;767;482
11;217;190;296;571;1001;2741;3513;4399;3119;1517;744;476
12;212;195;297;589;1020;2865;3531;4415;3051;1481;724;471
13;209;209;303;596;1059;2917;3526;4429;2984;1447;717;468
14;207;213;305;606;1116;2941;3549;4442;2934;1418;704;464
15;205;216;310;615;1152;2969;3587;4437;2855;1379;692;459
16;204;219;315;623;1255;2996;3630;4426;2799;1345;680;454
17;202;217;326;630;1339;3010;3664;4407;2738;1310;667;449
18;199;219;329;645;1348;3022;3697;4399;2671;1280;657;446
19;197;215;330;655;1403;3032;3738;4377;2619;1255;644;442
20;195;209;337;667;1474;3041;3775;4352;2555;1225;637;436
21;194;208;345;678;1549;3051;3806;4325;2496;1203;624;433
22;198;212;349;685;1626;3048;3834;4271;2434;1180;616;427
23;203;218;353;697;1718;3087;3829;4238;2376;1159;605;421
24;203;219;367;721;1744;3073;3868;4200;2319;1140;597;414
25;202;221;378;723;1786;3087;3882;4157;2264;1119;589;408
26;196;223;389;733;1891;3102;3905;4115;2210;1096;579;405
27;197;238;403;745;1913;3116;3931;4058;2156;1070;572;403
28;194;238;432;749;2011;3141;3958;4005;2105;1044;562;399
29;193;237;446;766;;3175;3987;4005;2046;1016;558;396
30;190;238;452;779;;3216;4027;3950;2046;993;551;391
31;194;;459;796;;3253;;3889;;973;543;
;;;;;;;;;;;;
;;;;;;;;;;;;
;NANA'S FARM FLOWS 2018/2019 SEASON;;;;;;;;;;;
;Mean Daily Flows (m3/s);;;;;;;;;;;
;;;;;;;;;;;;
DAY;Oct; Nov;Dec ; Jan;Feb;Mar;Apr ;May;Jun;Jul;Aug;Sep
1;388;277;257;324;543;752;874;1042;920;452;339;269
2;384;275;257;339;548;754;877;1047;907;446;334;267
3;381;273;256;344;555;755;881;1047;893;438;331;266
4;375;272;256;345;564;757;888;1045;874;435;330;264
5;371;271;251;348;568;760;893;1047;859;427;330;262
6;367;271;251;353;579;766;896;1049;840;423;328;258
7;364;281;252;362;585;766;907;1049;816;421;326;251
8;359;284;253;374;586;773;911;1044;793;415;323;246
9;354;285;256;383;609;779;928;1045;770;409;319;247
10;351;285;259;391;616;784;934;1042;744;404;315;247
11;346;280;269;398;623;788;963;1037;717;402;314;246
12;344;276;267;404;641;790;970;1034;692;398;312;245
13;339;271;262;415;637;790;967;1032;670;392;310;245
14;335;268;254;410;654;799;970;1030;645;390;306;243
15;331;268;251;420;694;802;973;1027;620;384;303;242
16;329;267;256;426;758;805;976;1024;601;379;300;239
17;328;268;260;437;749;811;981;1022;587;376;297;233
18;325;267;262;453;744;814;986;1019;571;371;297;231
19;326;267;269;463;736;817;993;1014;556;368;295;228
20;318;242;274;476;732;822;997;1009;544;363;291;227
21;316;241;281;487;732;826;1006;1006;530;362;289;224
22;306;240;278;492;733;829;1009;999;521;361;284;223
23;300;239;277;495;732;832;1016;993;510;360;283;223
24;294;244;277;500;735;839;1020;989;502;359;281;222
25;292;244;279;504;736;843;1024;981;495;356;279;220
26;292;244;288;512;738;848;1025;975;486;355;278;216
27;292;244;293;514;742;851;1032;970;477;349;278;210
28;290;247;297;521;747;853;1035;962;469;346;278;210
29;284;252;319;523;;860;1032;952;463;344;278;210
30;278;251;319;522;;863;1039;939;456;344;276;210
31;278;;321;540;;865;;933;;341;274;
;;;;;;;;;;;;
;;;;;;;;;;;;
;NANA'S FARM FLOWS 2019/2020 SEASON;;;;;;;;;;;
;Mean Daily Flows (m3/s);;;;;;;;;;;
;;;;;;;;;;;;
DAY;Oct; Nov;Dec ; Jan;Feb;Mar;Apr ;May;Jun;Jul;Aug;Sep
1;207;162;209;391;593;926;4125;4418;3005;1528;782;509
2;203;160;211;397;601;952;4101;4415;2955;1500;770;501
3;198;166;219;408;605;973;4019;4432;2884;1462;752;496
4;198;166;228;421;611;1024;3966;4451;2823;1436;739;493
5;197;163;236;433;616;1065;3942;4453;2773;1403;726;487
6;197;164;238;451;653;1101;3913;4410;2694;1374;711;481
7;195;161;253;454;641;1140;3876;4393;2632;1345;701;471
8;195;165;263;457;650;1188;3842;4374;2589;1319;687;464
9;193;166;275;461;662;1241;3801;4333;2523;1280;678;463
10;190;163;273;458;675;1307;3736;4303;2460;1264;664;459
11;190;163;273;453;726;1390;3715;4244;2405;1234;654;453
12;183;173;276;461;717;1507;3715;4211;2349;1202;643;449
13;181;174;280;477;717;1630;3743;4195;2281;1179;633;446
14;183;174;283;492;721;1800;3756;4163;2234;1155;626;443
15;180;181;287;508;727;1975;3782;4117;2184;1126;615;439
16;178;189;293;502;752;2146;3806;4066;2135;1099;604;438
17;172;190;301;518;758;2284;3827;4000;2092;1077;596;437
18;170;186;313;526;776;2380;3861;3926;2040;1055;587;433
19;171;185;318;532;793;2507;3874;3855;1994;1034;578;430
20;171;186;320;536;797;2646;3910;3793;1948;1011;572;427
21;169;191;324;534;800;2797;3950;3738;1909;989;567;422
22;169;197;328;536;806;2962;4005;3661;1868;967;562;419
23;169;193;338;542;814;3133;4080;3594;1830;947;552;414
24;170;196;343;546;848;3390;4133;3531;1784;926;547;411
25;169;197;347;548;853;3582;4206;3475;1746;907;542;405
26;170;197;356;552;868;3754;4252;3412;1712;888;535;405
27;171;199;362;559;887;3903;4298;3355;1673;871;531;404
28;170;203;375;564;896;4013;4341;3280;1638;853;526;403
29;169;207;381;574;911;4082;4369;3214;1601;834;518;398
30;165;209;379;581;;4131;4396;3148;1564;817;514;395
31;165;;386;597;;4149;;3087;;799;512;
;;;;;;;;;;;;
;;;;;;;;;;;;
;NANA'S FARM FLOWS 2020/2021 SEASON;;;;;;;;;;;
;Mean Daily Flows (m3/s);;;;;;;;;;;
;;;;;;;;;;;;
DAY;Oct; Nov;Dec ; Jan;Feb;Mar;Apr ;May;Jun;Jul;Aug;Sep
1;391;303;326;582;1054;2831;3290;2738;2327;1394;723;476
2;386;301;337;579;1080;2965;3273;2745;2286;1365;711;469
3;381;302;340;591;1135;3102;3266;2745;2251;1337;698;468
4;379;312;339;594;1136;3243;3253;2757;2201;1312;681;463
5;376;306;338;600;1154;3352;3251;2769;2163;1287;670;459
6;369;304;348;605;1163;3453;3241;2792;2126;1257;653;454
7;365;302;360;613;1181;3493;3231;2811;2097;1235;644;449
8;359;298;361;623;1199;3508;3219;2830;2065;1214;634;446
9;359;293;363;636;1225;3569;3167;2846;2033;1190;627;439
10;360;291;369;645;1278;3584;3138;2870;2002;1162;623;435
11;357;280;368;660;1352;3597;3099;2879;1971;1136;611;427
12;370;277;369;674;1348;3597;3077;2881;1942;1111;604;426
13;359;278;374;687;1386;3579;3053;2877;1911;1092;596;418
14;349;280;389;692;1418;3559;3024;2879;1883;1060;585;414
15;343;289;405;714;1447;3544;2996;2874;1854;1037;581;408
16;339;296;413;729;1481;3531;2972;2863;1824;1027;575;407
17;334;306;454;736;1538;3500;2945;2851;1796;999;567;403
18;329;304;442;752;1593;3478;2903;2832;1766;975;560;397
19;325;298;459;775;1677;3455;2877;2806;1736;954;552;395
20;323;305;485;778;1754;3435;2858;2773;1702;936;546;389
21;320;309;488;796;1887;3417;2834;2743;1677;912;538;385
22;317;314;504;820;1973;3405;2808;2720;1651;893;531;384
23;317;319;510;849;2099;3390;2797;2671;1622;873;525;377
24;316;321;512;857;2203;3360;2783;2623;1593;853;521;374
25;315;331;518;873;2360;3350;2766;2584;1564;836;517;370
26;313;325;525;888;2447;3347;2755;2555;1538;816;510;365
27;312;319;530;912;2591;3340;2748;2519;1507;800;505;360
28;308;317;536;930;2732;3340;2741;2478;1477;784;500;356
29;307;317;548;988;;3337;2734;2438;1449;770;495;353
30;306;323;572;1014;;3308;2736;2400;1423;752;486;351
31;304;;572;1032;;3298;;2363;;736;482;
;;;;;;;;;;;;
;;;;;;;;;;;;
;NANA'S FARM FLOWS 2021/2022 SEASON;;;;;;;;;;;
;Mean Daily Flows (m3/s);;;;;;;;;;;
;;;;;;;;;;;;
DAY;Oct; Nov;Dec ; Jan;Feb;Mar;Apr ;May;Jun;Jul;Aug;Sep
1;344;294;309;403;865;1091;2273;2755;2628;1405;634;425
2;341;292;306;404;877;1099;2288;2776;2582;1372;620;410
3;338;291;305;407;899;1116;2297;2799;2537;1341;612;409
4;336;291;309;405;920;1123;2310;2837;2494;1305;601;408
5;333;290;313;408;942;1130;2325;2881;2463;1273;591;404
6;330;290;319;421;968;1143;2345;2917;2420;1239;585;399
7;328;290;321;457;958;1157;2363;2955;2376;1204;576;396
8;325;290;321;458;962;1162;2382;2984;2336;1162;568;390
9;321;291;323;464;965;1186;2394;3000;2292;1133;559;388
10;320;291;325;466;967;1359;2387;3017;2255;1099;554;383
11;317;296;326;493;970;1289;2398;3024;2212;1070;543;378
12;312;293;328;527;978;1290;2418;3032;2197;1042;536;375
13;309;295;329;585;980;1301;2429;3034;2128;1011;529;370
14;306;294;335;616;984;1314;2445;3034;2082;981;522;364
15;305;295;339;664;986;1339;2456;3029;2046;955;515;360
16;301;294;341;713;989;1359;2456;3015;2000;925;509;357
17;297;293;343;747;994;1453;2573;2988;1959;896;502;354
18;294;292;351;779;1016;1490;2489;2972;1917;873;499;351
19;290;294;360;806;1024;1515;2494;2962;1872;849;490;348
20;285;295;367;820;1029;1566;2489;2950;1834;823;482;345
21;285;302;367;814;1037;1624;2496;2943;1786;803;477;340
22;288;317;376;799;1050;1690;2507;2924;1746;784;469;339
23;292;323;374;784;1067;1764;2521;2896;1700;767;462;334
24;297;321;371;769;1065;1846;2555;2872;1663;745;458;333
25;301;319;374;748;1069;1940;2573;2855;1624;730;454;328
26;301;316;377;739;1074;2029;2600;2830;1582;714;452;325
27;300;310;389;752;1077;2099;2630;2804;1545;700;449;323
28;297;310;391;770;1082;2173;2644;2773;1509;685;446;318
29;296;310;395;793;;2195;2671;2741;1472;672;441;313
30;295;312;397;822;;2225;2704;2718;1442;658;436;309
31;294;;399;857;;2257;;2667;;645;430;
;;;;;;;;;;;;
;;;;;;;;;;;;
;NANA'S FARM FLOWS 2022/2023 SEASON;;;;;;;;;;;
;Mean Daily Flows (m3/s);;;;;;;;;;;
;;;;;;;;;;;;
DAY;Oct; Nov;Dec ; Jan;Feb;Mar;Apr ;May;Jun;Jul;Aug;Sep
1;308;238;345;502;890;2483;2255;1893;2635;1485;665;436
2;305;248;348;521;928;2519;2240;1917;2612;1451;650;432
3;303;251;347;530;952;2539;2227;1932;2584;1414;637;425
4;301;253;344;525;978;2550;2206;1954;2548;1383;627;414
5;296;248;345;534;1006;2564;2182;1990;2514;1350;616;409
6;294;251;348;536;1022;2569;2165;2023;2480;1316;605;409
7;293;257;352;586;1039;2578;2152;2057;2445;1282;597;405
8;289;249;354;564;1054;2580;2135;2095;2409;1250;587;399
9;286;246;367;560;1072;2580;2114;2135;2369;1218;579;395
10;283;247;372;559;1111;2582;2086;2182;2330;1162;567;390
11;283;245;390;570;1140;2578;2069;2216;2295;1145;562;386
12;280;247;397;572;1179;2573;2052;2266;2257;1116;554;382
13;279;253;401;579;1218;2562;2031;2308;2212;1099;547;374
14;278;251;402;585;1264;2546;2019;2356;2167;1059;536;369
15;276;253;407;594;1323;2535;2000;2400;2122;1032;530;368
16;274;259;413;601;1412;2530;1979;2447;2082;1002;526;364
17;270;271;442;606;1528;2519;1967;2494;2040;976;517;363
18;270;275;446;613;1690;2512;1948;2532;1998;950;512;360
19;268;280;451;627;1909;2510;1938;2566;1959;923;505;354
20;267;287;458;657;2023;2498;1924;2610;1919;901;500;351
21;265;291;459;664;2167;2465;1913;2635;1874;888;493;347
22;262;295;461;680;2240;2447;1899;2662;1836;851;487;345
23;259;298;463;694;2284;2425;1891;2685;1790;831;481;339
24;257;305;467;745;2325;2407;1883;2701;1754;806;476;338
25;256;309;468;772;2376;2396;1879;2713;1716;784;469;334
26;256;314;476;781;2416;2376;1872;2715;1675;766;463;330
27;251;321;482;790;2449;2354;1870;2718;1634;747;457;329
28;247;337;483;806;2463;2330;1870;2708;1593;729;446;324
29;245;340;487;823;;2312;1874;2690;1557;710;444;318
30;242;345;492;836;;2290;1885;2674;1521;697;439;316
31;241;;499;860;;2271;;2658;;675;439;
;;;;;;;;;;;;
;;;;;;;;;;;;
;NANA'S FARM FLOWS 2023/2024 SEASON;;;;;;;;;;;
;Mean Daily Flows (m3/s);;;;;;;;;;;
;;;;;;;;;;;;
DAY;Oct; Nov;Dec ; Jan;Feb;Mar;Apr ;May;Jun;Jul;Aug;Sep
1;313;256;330;492;710;799;674;723;920;623;413;306
2;312;261;330;500;713;799;672;726;926;609;407;303
3;306;266;330;504;717;799;670;724;928;597;404;298
4;305;268;335;509;721;800;665;729;930;586;401;294
5;302;272;336;515;724;796;664;735;933;575;397;291
6;300;281;335;525;729;794;664;751;936;564;394;289
7;297;291;330;527;732;796;657;757;938;555;391;287
8;294;290;328;531;739;794;671;764;936;544;388;285
9;292;292;329;538;742;793;716;772;930;535;383;283
10;290;297;331;547;747;793;694;778;933;527;381;279
11;289;297;335;559;754;793;704;785;928;519;377;277
12;289;294;337;570;760;790;703;794;925;514;374;271
13;289;293;345;579;763;784;707;797;918;506;369;270
14;289;293;337;591;763;779;704;803;907;500;367;268
15;289;288;346;606;766;772;704;810;899;493;362;266
16;290;292;359;623;770;769;700;819;887;488;357;264
17;290;293;374;641;772;764;695;823;873;483;354;261
18;285;294;377;654;775;758;694;832;860;476;351;253
19;280;294;382;658;773;751;697;839;846;454;347;253
20;274;297;392;660;778;744;697;845;825;453;345;251
21;272;298;403;671;781;738;695;854;806;451;341;249
22;271;307;417;677;782;729;694;860;788;449;338;245
23;272;307;430;681;784;721;697;865;769;448;335;240
24;272;313;436;682;785;714;698;874;748;446;331;240
25;269;319;447;687;787;708;698;881;727;443;328;238
26;268;318;457;695;790;703;703;887;706;441;326;238
27;266;321;472;698;793;695;705;893;685;437;324;238
28;264;321;482;703;796;690;707;898;667;433;320;235
29;262;325;481;705;796;682;711;904;648;430;317;228
30;259;326;486;710;;680;716;909;637;420;313;227
31;253;;490;710;;675;;917;;417;309;
;;;;;;;;;;;;
;VICTORIA FALLS (NANA'S FARM) FLOWS 2024/2025 SEASON;;;;;;;;;;;
;Mean Daily Flows (m3/s);;;;;;;;;;;
;;;;;;;;;;;;
DAY;Oct; Nov;Dec ; Jan;Feb;Mar;Apr ;May;Jun     ; Jul     ;Aug;Sep
1;222;163;244;310;559;721;;;;;;
2;217;162;244;320;546;752;;;;;;
3;213;162;243;312;535;769;;;;;;
4;203;164;244;313;544;787;;;;;;
5;202;166;245;320;542;805;;;;;;
6;202;167;248;321;544;822;;;;;;
7;203;168;250;325;546;836;;;;;;
8;203;170;251;351;544;845;;;;;;
9;203;172;254;351;542;856;;;;;;
10;200;171;254;347;542;871;;;;;;
11;199;172;260;349;543;879;;;;;;
12;198;178;262;356;552;;;;;;;
13;196;180;265;378;559;;;;;;;
14;197;184;269;397;575;;;;;;;
15;197;191;269;401;575;;;;;;;
16;195;203;271;415;587;;;;;;;
17;196;204;273;420;591;;;;;;;
18;197;206;285;431;598;;;;;;;
19;197;211;294;441;606;;;;;;;
20;196;216;293;458;615;;;;;;;
21;195;222;297;466;624;;;;;;;
22;193;223;293;527;650;;;;;;;
23;190;224;292;517;664;;;;;;;
24;186;224;292;538;680;;;;;;;
25;186;227;292;547;692;;;;;;;
26;184;237;289;547;705;;;;;;;
27;184;238;292;548;719;;;;;;;
28;180;242;303;566;727;;;;;;;
29;178;248;296;574;;;;;;;;
30;174;247;305;576;;;;;;;;
31;169;;308;570;;;;;;;;
