;;;;;;;;;;;;;;;;
;;Zambezi River At NGONYE RAPIDS;;;;;;;;;;;;;;
;;;;;;;;;;;;;;;;
;;Daily Flows in Cumecs for the year 2005/06;;;;;;;;;;;;;;
;;;;;;;;;;;;;;;;
Day;     Oct;     Nov;    Dec ;    Jan;    Feb;     Mar;     Apr ;     May;Jun;Jul;     Aug;Sep;;;;
;;;;;;;;;;;;;;;;
1;225;186;268;329;577;904;2568;2554;1863;937;451;314;;;;
2;223;184;261;388;585;906;2623;2546;1806;909;442;311;;;;
3;222;183;258;390;588;911;2680;2546;1795;883;436;307;;;;
4;220;182;253;395;626;916;2715;2539;1761;856;431;303;;;;
5;220;201;262;402;608;924;2748;2536;1726;817;425;299;;;;
6;217;199;276;470;619;929;2792;2531;1691;809;417;299;;;;
7;215;199;275;473;613;942;2803;2528;1635;771;412;296;;;;
8;213;194;281;484;629;939;2822;2523;1622;759;406;293;;;;
9;210;194;271;491;637;987;2858;2502;1592;726;403;291;;;;
10;208;194;281;484;648;1010;2867;2497;1563;719;401;298;;;;
11;206;197;282;493;663;1027;2864;2491;1552;703;395;296;;;;
12;204;196;282;503;676;1053;2858;2450;1488;677;386;284;;;;
13;202;198;298;483;683;1081;2844;2429;1453;662;381;280;;;;
14;208;194;285;463;709;1106;2842;2414;1419;648;380;278;;;;
15;207;201;289;443;724;1120;2839;2414;1407;633;379;274;;;;
16;206;201;294;424;741;1165;2831;2383;1383;622;377;271;;;;
17;205;203;300;439;753;1215;2806;2365;1349;608;370;269;;;;
18;203;207;301;433;767;1280;2759;2344;1316;593;363;267;;;;
19;200;211;311;437;785;1373;2723;2312;1289;581;358;264;;;;
20;201;216;307;456;794;1484;2702;2276;1255;568;355;261;;;;
21;200;210;299;463;805;1609;2677;2237;1200;554;349;258;;;;
22;198;221;301;469;819;1817;2661;2194;1171;545;347;256;;;;
23;198;226;303;474;820;1925;2642;2148;1158;523;343;253;;;;
24;196;228;312;474;847;2073;2618;2114;1133;514;340;251;;;;
25;194;232;313;487;874;2187;2629;2090;1109;503;337;249;;;;
26;193;238;311;505;883;2274;2605;2049;1074;497;333;247;;;;
27;191;267;327;507;893;2322;2589;2030;1054;490;329;246;;;;
28;190;266;335;512;896;2406;2576;1999;1022;483;328;245;;;;
29;189;254;329;521;;2442;2565;1941;989;470;325;244;;;;
30;188;256;327;532;;2497;2560;1934;971;466;321;242;;;;
31;186;;345;554;;2525;;1874;;459;317;;;;;
;;;;;;;;;;;;;;;;
;;;;;;;;;;;;;;;;
;;Zambezi River At NGONYE RAPIDS;;;;;;;;;;;;;;
;;;;;;;;;;;;;;;;
         ;             ;Daily Flows in Cumecs for the year 2006/07;;;;;;;;;;;;;;
;;;;;;;;;;;;;;;;
Date;     Oct;     Nov;    Dec ;    Jan;    Feb;     Mar;Apr;May;Jun;Jul;Aug;Sep;;;;
1;236;235;356;590;1925;4499;3177;2742;1779;1019;606;421;;;;
2;233;238;361;606;2157;4518;3211;2720;1738;1000;597;416;;;;
3;232;230;365;622;2272;4532;3241;2690;1715;987;589;412;;;;
4;230;245;370;622;2335;4538;3257;2666;1693;963;582;403;;;;
5;228;245;375;644;2362;4535;3274;2643;1636;946;577;398;;;;
6;224;240;383;663;2385;4513;3292;2591;1630;928;573;392;;;;
7;221;234;388;666;2407;4490;3299;2577;1595;911;562;389;;;;
8;220;254;393;682;2455;4446;3299;2550;1571;895;555;387;;;;
9;217;255;400;697;2494;4407;3292;2499;1537;878;549;383;;;;
10;226;258;403;712;2557;4415;3279;2490;1512;867;539;378;;;;
11;225;258;409;715;2666;4385;3259;2458;1479;847;538;375;;;;
12;223;256;413;727;2852;4346;3239;2407;1452;831;532;368;;;;
13;211;242;416;730;3065;4264;3207;2398;1402;818;525;364;;;;
14;204;242;425;750;3395;4188;3169;2367;1398;802;520;361;;;;
15;197;259;429;768;3726;4133;3137;2317;1345;786;509;357;;;;
16;209;258;431;793;3921;3991;3097;2308;1341;774;506;353;;;;
17;222;258;431;813;3991;3937;3073;2277;1311;760;500;348;;;;
18;234;260;436;817;3996;3847;3043;2228;1285;754;492;346;;;;
19;247;261;439;825;4012;3757;3009;2215;1259;741;490;340;;;;
20;260;263;468;841;4017;3684;2975;2179;1243;726;482;334;;;;
21;274;263;473;857;4023;3611;2953;2144;1214;713;477;332;;;;
22;279;285;482;883;4071;3523;2936;2107;1197;701;469;328;;;;
23;264;288;502;928;4155;3459;2919;2070;1169;694;467;326;;;;
24;270;285;514;953;4185;3393;2897;2040;1152;680;463;324;;;;
25;254;299;521;993;4218;3337;2873;2006;1126;668;455;323;;;;
26;249;323;522;1038;4261;3287;2854;1967;1110;659;452;315;;;;
27;256;323;524;1090;4302;3272;2844;1942;1090;649;447;313;;;;
28;250;337;549;1152;4451;3239;2825;1908;1075;638;440;310;;;;
29;249;344;539;1243;;3229;2801;1874;1052;631;439;309;;;;
30;245;348;552;1402;;3207;2761;1824;1036;624;430;306;;;;
31;243;;567;1636;;3192;;1795;;615;426;;;;;
;;;;;;;;;;;;;;;;
;;;;;;;;;;;;;;;;
;;Zambezi River At NGONYE RAPIDS;;;;;;;;;;;;;;
;;;;;;;;;;;;;;;;
         ;             ;Daily Flows in Cumecs for the year 2007/08;;;;;;;;;;;;;;
;;;;;;;;;;;;;;;;
Date;     Oct;     Nov;    Dec ;    Jan;    Feb;     Mar;Apr;May;Jun;Jul;Aug;Sep;;;;
1;303;274;327;563;1383;3164;2775;2559;1681;943;503;352;;;;
2;301;275;332;576;1402;3083;2787;2533;1653;916;498;348;;;;
3;299;273;339;592;1417;3024;2785;2476;1626;896;492;344;;;;
4;294;270;340;605;1432;2987;2806;2462;1601;868;484;335;;;;
5;292;268;346;608;1440;2955;2832;2444;1573;846;479;332;;;;
6;291;260;365;635;1440;2919;2871;2442;1541;823;473;329;;;;
7;288;263;363;730;1457;2873;2919;2421;1516;790;468;327;;;;
8;286;270;362;727;1492;2844;2951;2396;1488;783;460;321;;;;
9;285;268;365;697;1516;2820;2994;2367;1467;764;454;316;;;;
10;283;268;377;724;1531;2792;3024;2342;1438;749;450;313;;;;
11;283;269;377;747;1591;2758;3046;2317;1423;730;444;310;;;;
12;291;274;379;758;1661;2768;3056;2281;1398;698;436;306;;;;
13;288;273;416;794;1783;2758;3070;2255;1379;695;435;303;;;;
14;283;276;404;833;1914;2744;3070;2219;1356;682;427;299;;;;
15;292;279;409;867;2053;2735;3068;2188;1323;668;426;294;;;;
16;292;283;416;895;2306;2732;3075;2153;1311;658;421;291;;;;
17;288;285;425;914;2577;2723;3051;2127;1304;640;413;286;;;;
18;287;283;429;929;2816;2685;3016;2092;1263;625;411;283;;;;
19;287;285;439;939;3002;2704;2992;2062;1212;615;408;280;;;;
20;286;295;442;953;3157;2699;2963;2023;1194;610;399;277;;;;
21;283;288;452;975;3282;2694;2912;1997;1187;599;394;273;;;;
22;271;296;461;983;3345;2690;2864;1971;1158;583;390;271;;;;
23;271;296;469;983;3365;2662;2823;1937;1140;577;388;266;;;;
24;279;306;479;995;3319;2662;2789;1908;1117;557;383;263;;;;
25;278;313;505;1004;3307;2662;2751;1878;1090;553;377;260;;;;
26;277;306;509;1064;3244;2662;2720;1849;1064;549;373;258;;;;
27;271;311;511;1117;3207;2680;2666;1822;1042;543;368;255;;;;
28;271;315;516;1158;3189;2720;2657;1789;1017;529;363;255;;;;
29;270;314;522;1243;3139;2742;2624;1762;995;522;363;252;;;;
30;274;317;535;1308;;2761;2589;1734;966;517;361;252;;;;
31;276;;545;1368;;2770;;1707;;506;358;;;;;
;;;;;;;;;;;;;;;;
;;;;;;;;;;;;;;;;
;;Zambezi River At NGONYE RAPIDS;;;;;;;;;;;;;;
;;;;;;;;;;;;;;;;
         ;             ;Daily Flows in Cumecs for the year 2008/09;;;;;;;;;;;;;;
;;;;;;;;;;;;;;;;
Date;     Oct;     Nov;    Dec ;    Jan;    Feb;     Mar;Apr;May;Jun;Jul;Aug;Sep;;;;
1;248;198;320;644;1201;2685;5157;2997;1717;1002;522;354;;;;
2;244;199;329;652;1223;2737;5139;2963;1691;970;518;351;;;;
3;241;202;333;668;1245;2780;5084;2912;1657;949;507;344;;;;
4;238;199;352;680;1265;2816;5055;2868;1636;921;502;341;;;;
5;233;201;359;704;1287;2873;5047;2823;1616;903;495;336;;;;
6;230;202;372;704;1321;2924;5026;2744;1577;883;491;334;;;;
7;226;204;370;712;1332;2946;4986;2680;1539;868;486;328;;;;
8;220;205;378;727;1362;2989;4940;2652;1514;839;482;320;;;;
9;220;212;390;735;1402;3144;4911;2596;1494;821;477;317;;;;
10;216;215;413;749;1423;3267;4865;2540;1485;802;467;304;;;;
11;215;219;422;771;1459;3395;4814;2476;1442;782;463;302;;;;
12;214;209;416;790;1498;3546;4684;2430;1423;769;459;298;;;;
13;211;227;444;804;1520;3734;4627;2385;1402;744;454;293;;;;
14;207;216;452;818;1557;3969;4543;2340;1366;726;448;291;;;;
15;206;210;476;828;1577;4267;4404;2308;1345;710;440;287;;;;
16;204;214;476;839;1636;4535;4335;2286;1323;697;438;284;;;;
17;202;235;483;862;1620;4712;4190;2206;1296;678;427;282;;;;
18;199;225;495;885;1636;4868;4117;2184;1270;666;425;278;;;;
19;198;226;503;919;1677;5012;4023;2173;1250;649;422;276;;;;
20;196;228;520;939;1715;5119;3916;2135;1230;635;416;275;;;;
21;196;233;524;951;1766;5250;3823;2101;1203;624;412;274;;;;
22;196;228;535;971;1828;5294;3731;2059;1179;610;403;271;;;;
23;194;233;546;1005;1921;5318;3640;1989;1160;605;400;270;;;;
24;196;240;553;1019;2053;5403;3549;1967;1140;596;395;269;;;;
25;195;259;564;1042;2212;5415;3459;1946;1119;583;390;269;;;;
26;193;265;573;1068;2385;5409;3357;1925;1101;574;383;268;;;;
27;189;271;587;1090;2499;5374;3299;1914;1089;563;377;267;;;;
28;193;283;603;1108;2612;5332;3224;1841;1054;553;374;264;;;;
29;195;288;612;1122;;5259;3144;1828;1036;548;370;264;;;;
30;187;300;624;1142;;5236;3080;1758;1023;541;365;260;;;;
31;198;;634;1176;;5189;;1738;;534;362;;;;;
;;;;;;;;;;;;;;;;
;;;;;;;;;;;;;;;;
;;Zambezi River At NGONYE RAPIDS;;;;;;;;;;;;;;
;;;;;;;;;;;;;;;;
         ;             ;Daily Flows in Cumecs for the year 2009/10;;;;;;;;;;;;;;
;;;;;;;;;;;;;;;;
Date;     Oct;     Nov;    Dec ;    Jan;    Feb;     Mar;Apr;May;Jun;Jul;Aug;Sep;;;;
1;259;227;345;599;1138;2619;4327;4569;2376;1360;786;484;;;;
2;258;223;378;610;1167;2704;4250;4529;2335;1338;768;476;;;;
3;265;221;378;622;1196;2789;4169;4476;2290;1315;755;467;;;;
4;269;220;383;629;1232;2905;4079;4418;2246;1293;744;464;;;;
5;257;220;394;644;1263;3024;4025;4355;2201;1263;736;460;;;;
6;257;224;397;669;1306;3125;3991;4283;2157;1241;732;454;;;;
7;256;238;400;666;1351;3226;3921;4207;2116;1219;707;448;;;;
8;255;242;409;710;1373;3345;3868;4120;2079;1201;700;442;;;;
9;263;244;422;715;1406;3536;3823;4052;2036;1172;695;435;;;;
10;255;248;426;727;1450;3681;3789;3958;2001;1152;680;427;;;;
11;254;250;448;752;1494;3865;3762;3884;1965;1122;658;425;;;;
12;250;248;459;782;1506;4117;3731;3797;1929;1111;649;418;;;;
13;248;239;461;782;1603;4300;3752;3707;1893;1087;638;412;;;;
14;247;244;465;796;1667;4402;3820;3676;1860;1076;625;404;;;;
15;244;244;468;813;1736;4474;3892;3559;1824;1054;613;400;;;;
16;243;248;469;826;1777;4538;3972;3459;1785;1035;609;398;;;;
17;242;252;469;850;1828;4594;4063;3380;1748;1017;603;393;;;;
18;241;278;472;857;1883;4641;4144;3272;1715;1002;592;387;;;;
19;240;274;480;873;1929;4661;4239;3182;1687;983;582;383;;;;
20;238;300;486;885;1971;4687;4338;3115;1657;963;574;379;;;;
21;236;283;491;909;2027;4695;4429;3036;1622;949;567;374;;;;
22;236;283;498;921;2083;4698;4510;2960;1593;939;557;368;;;;
23;235;288;505;941;2144;4689;4574;2934;1565;916;552;363;;;;
24;235;296;510;970;2212;4681;4616;2832;1526;903;543;362;;;;
25;232;294;527;983;2283;4658;4639;2773;1510;888;538;356;;;;
26;231;301;534;995;2387;4636;4641;2706;1483;873;531;351;;;;
27;228;304;536;1019;2464;4588;4653;2650;1457;862;521;346;;;;
28;227;323;543;1036;2543;4513;4647;2596;1431;836;514;342;;;;
29;225;329;553;1059;;4468;4633;2543;1406;823;506;339;;;;
30;227;329;567;1111;;4407;4611;2494;1379;809;496;335;;;;
31;227;;586;1124;;4344;;2439;;801;492;;;;;
;;;;;;;;;;;;;;;;
;;;;;;;;;;;;;;;;
;;Zambezi River At NGONYE RAPIDS;;;;;;;;;;;;;;
;;;;;;;;;;;;;;;;
         ;             ;Daily Flows in Cumecs for the year 2010/11;;;;;;;;;;;;;;
;;;;;;;;;;;;;;;;
Date;     Oct;     Nov;    Dec ;    Jan;    Feb;     Mar;Apr;May;Jun;Jul;Aug;Sep;;;;
1;327;236;308;683;2083;3554;3689;3913;2310;1221;715;483;;;;
2;324;243;314;710;2090;3544;3710;3884;2239;1206;707;473;;;;
3;322;247;320;740;2120;3539;3720;3852;2188;1181;694;471;;;;
4;320;235;333;752;2157;3518;3736;3812;2142;1163;683;479;;;;
5;317;239;342;777;2173;3513;3747;3773;2101;1142;677;460;;;;
6;311;241;348;799;2199;3508;3773;3734;2064;1124;668;454;;;;
7;307;241;361;854;2235;3492;3797;3689;2014;1104;655;448;;;;
8;304;242;377;844;2281;3492;3839;3660;1965;1087;649;442;;;;
9;301;243;380;880;2349;3492;3887;3632;1921;1076;640;438;;;;
10;298;240;383;929;2426;3487;3956;3570;1876;1066;634;431;;;;
11;295;238;387;960;2497;3559;3991;3510;1835;1035;621;427;;;;
12;292;240;389;993;2587;3564;4017;3457;1804;1014;610;423;;;;
13;285;241;393;1047;2676;3585;4033;3406;1754;999;606;417;;;;
14;282;242;402;1104;2766;3601;4055;3340;1713;978;599;408;;;;
15;280;250;406;1135;2876;3598;4060;3279;1693;966;590;403;;;;
16;276;252;413;1212;2970;3598;4068;3224;1663;948;579;400;;;;
17;269;252;423;1317;3068;3611;4071;3159;1609;929;576;394;;;;
18;269;254;452;1427;3164;3632;4082;3097;1575;916;572;390;;;;
19;266;256;444;1569;3264;3634;4082;3009;1543;896;563;387;;;;
20;261;263;447;1699;3312;3655;4082;2960;1510;883;553;380;;;;
21;258;273;476;1804;3380;3681;4085;2912;1475;867;545;378;;;;
22;254;273;484;1860;3467;3684;4082;2847;1450;846;536;375;;;;
23;250;274;491;1904;3505;3684;4079;2789;1404;831;534;370;;;;
24;247;276;528;1933;3528;3689;4095;2725;1398;818;528;365;;;;
25;244;284;535;1942;3554;3673;4074;2676;1368;802;520;363;;;;
26;242;285;557;1948;3603;3673;4060;2608;1343;790;513;359;;;;
27;241;294;574;1993;3606;3671;4033;2550;1317;777;509;353;;;;
28;245;296;597;2003;3606;3681;4012;2490;1291;763;505;350;;;;
29;241;298;615;2014;;3692;3983;2442;1269;752;498;344;;;;
30;245;301;631;2079;;3702;3948;2371;1243;736;492;342;;;;
31;257;;652;2083;;3681;;2344;;726;488;;;;;
;;;;;;;;;;;;;;;;
;;;;;;;;;;;;;;;;
;;Zambezi River At NGONYE RAPIDS;;;;;;;;;;;;;;
;;;;;;;;;;;;;;;;
         ;             ;Daily Flows in Cumecs for the year 2011/12;;;;;;;;;;;;;;
;;;;;;;;;;;;;;;;
Date;     Oct;     Nov;    Dec ;    Jan;    Feb;     Mar;Apr;May;Jun;Jul;Aug;Sep;;;;
1;340;270;364;672;1214;1978;2751;3340;1839;949;549;406;;;;
2;334;270;367;686;1243;1986;2775;3299;1804;924;538;402;;;;
3;333;270;369;694;1280;1993;2799;3262;1760;906;534;400;;;;
4;336;270;378;709;1313;1995;2801;3211;1721;885;531;395;;;;
5;344;275;394;721;1353;2008;2823;3164;1693;865;521;378;;;;
6;332;279;393;730;1398;2025;2840;3112;1647;852;511;370;;;;
7;324;282;403;749;1402;2064;2856;3056;1609;826;510;378;;;;
8;317;285;413;755;1461;2116;2880;2992;1575;804;502;400;;;;
9;315;285;420;763;1522;2168;2907;2921;1539;788;498;373;;;;
10;315;283;436;777;1541;2210;2929;2868;1506;771;495;370;;;;
11;313;283;429;798;1581;2246;2955;2820;1473;763;491;364;;;;
12;311;283;452;804;1626;2299;2987;2763;1438;746;487;363;;;;
13;314;286;461;815;1663;2335;3026;2704;1419;730;480;359;;;;
14;315;285;498;829;1701;2371;3054;2657;1398;715;475;357;;;;
15;315;291;486;842;1748;2412;3090;2610;1360;706;472;354;;;;
16;315;296;492;893;1771;2458;3095;2557;1341;685;468;350;;;;
17;315;295;500;883;1797;2483;3164;2506;1300;677;465;345;;;;
18;311;295;511;895;1801;2506;3199;2458;1267;663;465;344;;;;
19;309;299;525;923;1824;2527;3239;2410;1245;650;463;339;;;;
20;311;311;538;939;1866;2538;3287;2367;1219;646;457;335;;;;
21;308;315;549;954;1904;2552;3324;2324;1187;634;452;332;;;;
22;308;318;562;970;1927;2564;3375;2275;1165;625;447;326;;;;
23;308;375;569;995;1950;2587;3416;2232;1140;613;446;321;;;;
24;303;345;582;1007;1971;2596;3444;2175;1111;606;443;320;;;;
25;299;339;597;1024;1976;2603;3444;2133;1087;605;438;316;;;;
26;295;340;612;1043;1976;2617;3444;2092;1054;592;436;315;;;;
27;290;370;631;1078;1980;2633;3441;2049;1036;582;431;287;;;;
28;284;357;631;1099;1978;2652;3428;2027;1002;576;426;287;;;;
29;282;356;640;1129;1980;2704;3400;1963;990;567;421;282;;;;
30;278;368;650;1151;;2720;3375;1923;966;562;414;279;;;;
31;274;;658;1177;;2739;;1881;;555;412;;;;;
;;;;;;;;;;;;;;;;
;;;;;;;;;;;;;;;;
;;Zambezi River At NGONYE RAPIDS;;;;;;;;;;;;;;
;;;;;;;;;;;;;;;;
         ;             ;Daily Flows in Cumecs for the year 2012/13;;;;;;;;;;;;;;
;;;;;;;;;;;;;;;;
Date;     Oct;     Nov;    Dec ;    Jan;    Feb;     Mar;Apr;May;Jun;Jul;Aug;Sep;;;;
1;276;248;353;666;2451;3439;2844;2683;1450;730;463;340;;;;
2;274;249;342;675;2467;3449;2835;2638;1411;709;456;336;;;;
3;270;250;340;694;2467;3457;2825;2594;1390;698;452;334;;;;
4;269;249;352;710;2483;3462;2823;2564;1360;682;447;329;;;;
5;267;250;356;747;2483;3482;2816;2540;1336;669;440;323;;;;
6;264;257;367;741;2517;3482;2808;2448;1298;652;439;321;;;;
7;259;260;375;757;2554;3485;2808;2412;1278;649;434;318;;;;
8;258;263;379;788;2612;3513;2823;2360;1248;635;430;316;;;;
9;258;265;390;804;2687;3521;2837;2322;1230;625;427;314;;;;
10;258;268;399;825;2785;3503;2854;2277;1196;613;425;311;;;;
11;257;293;404;850;2835;3482;2864;2232;1174;606;417;307;;;;
12;257;273;412;872;2873;3441;2892;2193;1147;592;414;303;;;;
13;257;282;422;906;2997;3426;2909;2153;1122;582;411;302;;;;
14;255;282;433;928;3041;3416;2917;2107;1103;577;407;301;;;;
15;255;285;440;951;3164;3380;2931;2081;1071;570;403;299;;;;
16;254;292;454;970;3226;3340;2946;2021;1052;562;400;296;;;;
17;253;294;465;1021;3267;3287;2975;1978;1029;552;395;294;;;;
18;252;296;464;1111;3267;3234;2989;1935;1000;545;390;292;;;;
19;249;303;492;1196;3277;3189;3002;1899;976;536;388;290;;;;
20;247;306;513;1230;3287;3147;3009;1883;953;534;384;284;;;;
21;244;309;520;1265;3441;3112;3009;1822;933;525;380;282;;;;
22;244;308;542;1308;3539;3056;2985;1787;916;516;377;280;;;;
23;243;306;562;1383;3567;3014;2970;1750;885;510;374;280;;;;
24;242;307;577;1500;3528;2987;2946;1709;868;506;372;278;;;;
25;244;303;583;1665;3492;2965;2936;1675;841;500;368;275;;;;
26;244;308;596;1878;3457;2943;2895;1626;820;494;363;273;;;;
27;244;318;606;2101;3436;2921;2871;1605;799;494;361;273;;;;
28;243;328;615;2246;3431;2902;2823;1567;785;483;357;273;;;;
29;246;326;628;2337;;2892;2782;1555;761;479;351;271;;;;
30;247;326;635;2394;;2873;2754;1508;746;473;348;274;;;;
31;247;;650;2430;;2859;;1477;;467;344;;;;;
;;;;;;;;;;;;;;;;
;;;;;;;;;;;;;;;;
;;Zambezi River At NGONYE RAPIDS;;;;;;;;;;;;;;
;;;;;;;;;;;;;;;;
         ;             ;Daily Flows in Cumecs for the year 2013/14;;;;;;;;;;;;;;
;;;;;;;;;;;;;;;;
Date;     Oct;     Nov;    Dec ;    Jan;    Feb;     Mar;Apr;May;Jun;Jul;Aug;Sep;;;;
1;265;196;303;628;965;1828;3431;3132;2412;1360;710;440;;;;
2;263;191;304;652;971;1828;3431;3149;2376;1328;694;435;;;;
3;260;205;304;688;1002;1824;3446;3159;2331;1304;678;430;;;;
4;259;205;327;691;1024;1820;3477;3167;2292;1276;669;422;;;;
5;259;212;328;700;1071;1826;3462;3182;2246;1248;656;414;;;;
6;257;226;334;694;1089;1830;3441;3199;2215;1230;647;409;;;;
7;253;226;340;698;1119;1887;3434;3214;2164;1208;635;406;;;;
8;250;357;357;694;1152;1866;3416;3234;2114;1176;625;402;;;;
9;248;364;364;694;1194;1878;3390;3249;2085;1154;616;395;;;;
10;246;368;368;695;1237;1878;3383;3262;2049;1136;605;379;;;;
11;243;372;372;698;1298;1891;3360;3257;2008;1119;592;378;;;;
12;240;380;380;703;1343;1893;3350;3236;1976;1092;582;378;;;;
13;239;431;431;730;1402;1923;3332;3229;1937;1069;573;377;;;;
14;238;223;407;732;1461;1950;3324;3199;1902;1050;562;373;;;;
15;231;234;403;757;1502;2062;3307;3164;1858;1028;556;367;;;;
16;238;236;425;757;1527;2107;3289;3142;1837;1002;548;365;;;;
17;231;236;431;763;1567;2144;3279;3115;1808;983;539;362;;;;
18;226;236;439;763;1607;2201;3254;3065;1766;966;532;356;;;;
19;223;239;471;780;1653;2223;3224;3024;1734;946;521;352;;;;
20;222;239;499;783;1657;2277;3192;2970;1699;926;514;347;;;;
21;214;240;503;796;1673;2328;3182;2921;1665;903;507;344;;;;
22;220;252;507;802;1689;2417;3167;2878;1632;885;502;341;;;;
23;209;248;509;806;1693;2510;3162;2825;1595;868;492;340;;;;
24;211;258;529;836;1699;2619;3149;2775;1559;839;490;334;;;;
25;209;271;553;836;1721;2718;3125;2713;1535;825;482;329;;;;
26;201;276;543;846;1742;2825;3125;2678;1502;807;472;326;;;;
27;201;292;553;857;1746;2936;3125;2652;1475;786;471;322;;;;
28;208;293;563;891;1810;3031;3132;2584;1442;774;464;317;;;;
29;209;250;576;909;;3129;3129;2543;1417;758;457;315;;;;
30;203;300;580;923;;3224;3125;2503;1392;746;450;313;;;;
31;199;;610;939;;3309;;2451;;727;443;;;;;
;;;;;;;;;;;;;;;;
;;;;;;;;;;;;;;;;
;;Zambezi River At NGONYE RAPIDS;;;;;;;;;;;;;;
;;;;;;;;;;;;;;;;
         ;             ;Daily Flows in Cumecs for the year 2014/15;;;;;;;;;;;;;;
;;;;;;;;;;;;;;;;
Date;     Oct;     Nov;    Dec ;    Jan;    Feb;     Mar;Apr;May;Jun;Jul;Aug;Sep;;;;
1;308;246;304;488;777;1142;1362;1446;1463;786;440;304;;;;
2;303;245;308;499;771;1165;1368;1454;1448;764;434;301;;;;
3;300;244;311;494;793;1201;1371;1463;1431;749;426;299;;;;
4;295;248;311;498;791;1214;1436;1471;1421;726;423;295;;;;
5;303;246;316;503;799;1248;1448;1483;1389;709;418;292;;;;
6;295;245;324;507;806;1274;1463;1492;1373;685;411;291;;;;
7;303;245;346;516;820;1298;1486;1504;1349;671;406;287;;;;
8;288;244;351;525;829;1311;1486;1524;1330;655;402;284;;;;
9;285;242;340;542;844;1341;1492;1535;1317;643;398;282;;;;
10;283;239;341;543;857;1341;1483;1547;1298;634;389;277;;;;
11;282;247;354;553;868;1341;1479;1555;1267;616;385;273;;;;
12;279;242;351;553;880;1345;1496;1561;1250;605;375;270;;;;
13;274;245;354;563;895;1338;1496;1573;1230;592;373;270;;;;
14;270;245;354;572;913;1330;1496;1581;1212;579;372;269;;;;
15;268;254;356;572;926;1328;1485;1589;1183;574;368;266;;;;
16;266;255;361;576;933;1323;1481;1593;1169;562;364;263;;;;
17;265;259;364;570;949;1323;1477;1593;1142;548;363;258;;;;
18;264;267;375;576;961;1317;1473;1593;1119;539;358;255;;;;
19;263;270;385;582;973;1317;1469;1587;1089;535;354;252;;;;
20;260;270;395;615;990;1317;1467;1583;1069;524;352;250;;;;
21;259;269;395;658;1002;1306;1459;1575;1040;516;346;247;;;;
22;257;274;406;658;1014;1304;1457;1569;1011;507;340;243;;;;
23;256;275;397;653;1029;1304;1450;1561;983;502;337;241;;;;
24;255;284;406;659;1042;1304;1442;1555;961;494;335;241;;;;
25;253;291;414;672;1062;1304;1438;1547;934;490;332;238;;;;
26;250;293;420;688;1078;1306;1431;1535;911;475;324;232;;;;
27;249;296;421;703;1096;1309;1431;1527;881;472;323;231;;;;
28;248;300;431;715;1115;1315;1431;1516;855;465;322;231;;;;
29;246;300;435;730;;1323;1431;1506;834;460;316;227;;;;
30;245;298;440;740;;1358;1440;1492;772;455;313;226;;;;
31;244;;444;772;;1349;;1481;;446;310;;;;;
;;;;;;;;;;;;;;;;
;;;;;;;;;;;;;;;;
;;Zambezi River At NGONYE RAPIDS;;;;;;;;;;;;;;
;;;;;;;;;;;;;;;;
         ;             ;Daily Flows in Cumecs for the year 2015/16;;;;;;;;;;;;;;
;;;;;;;;;;;;;;;;
Date;     Oct;     Nov;    Dec ;    Jan;    Feb;     Mar;Apr;May;Jun;Jul;Aug;Sep;;;;
1;225;185;227;403;659;1715;2820;2823;1709;785;440;313;;;;
2;222;182;236;416;674;1997;2854;2792;1675;755;436;303;;;;
3;221;178;236;431;688;2018;2880;2777;1641;741;434;301;;;;
4;220;175;241;431;692;2107;2905;2747;1607;720;425;295;;;;
5;220;179;259;434;729;2179;2926;2720;1571;700;420;295;;;;
6;217;174;267;444;720;2277;2934;2662;1535;700;416;292;;;;
7;215;171;266;447;735;2337;2982;2652;1504;682;412;290;;;;
8;212;169;266;457;749;2392;3002;2617;1471;666;408;284;;;;
9;212;169;273;460;757;2437;3002;2577;1425;650;400;282;;;;
10;212;169;271;471;772;2483;3007;2531;1406;638;397;280;;;;
11;212;167;274;471;786;2510;3007;2487;1371;622;393;276;;;;
12;213;167;274;475;799;2550;2992;2451;1332;610;387;274;;;;
13;214;175;274;480;809;2589;2992;2385;1306;593;383;269;;;;
14;212;175;276;486;825;2619;2989;2373;1282;583;379;267;;;;
15;210;179;280;487;839;2633;2982;2335;1239;572;374;261;;;;
16;210;184;285;498;857;2626;2970;2301;1212;559;370;259;;;;
17;206;188;293;503;875;2633;2968;2259;1188;549;367;258;;;;
18;206;196;295;532;893;2629;2958;2226;1160;539;363;256;;;;
19;206;199;311;555;914;2633;2951;2204;1124;529;359;252;;;;
20;204;226;352;553;943;2636;2938;2140;1103;527;357;249;;;;
21;203;205;335;556;961;2645;2929;2101;1071;510;352;247;;;;
22;201;206;339;556;999;2643;2929;2066;1043;503;348;247;;;;
23;200;209;340;570;1031;2657;2921;2027;1017;496;347;240;;;;
24;197;215;346;569;1078;2657;2914;1986;956;491;339;239;;;;
25;195;216;354;577;1133;2673;2905;1959;933;486;335;238;;;;
26;193;215;359;580;1212;2697;2885;1927;906;473;332;236;;;;
27;190;216;364;586;1304;2702;2871;1887;883;471;327;233;;;;
28;188;220;372;596;1427;2713;2840;1847;852;464;323;233;;;;
29;186;229;383;610;1567;2735;2849;1814;829;459;321;234;;;;
30;185;224;390;629;;2754;2840;1781;804;454;316;232;;;;
31;185;;397;653;;2789;;1746;;444;313;;;;;
;;;;;;;;;;;;;;;;
;;;;;;;;;;;;;;;;
;;Zambezi River At NGONYE RAPIDS;;;;;;;;;;;;;;
;;;;;;;;;;;;;;;;
         ;             ;Daily Flows in Cumecs for the year 2016/17;;;;;;;;;;;;;;
;;;;;;;;;;;;;;;;
Date;     Oct;     Nov;    Dec ;    Jan;    Feb;     Mar;Apr;May;Jun;Jul;Aug;Sep;;;;
1;229;173;215;486;890;1225;3828;2545;1520;763;414;287;;;;
2;229;175;225;472;906;1265;3823;2513;1496;741;414;284;;;;
3;229;176;227;475;933;1295;3831;2471;1467;718;407;280;;;;
4;228;172;229;475;966;1315;3815;2426;1450;695;403;275;;;;
5;226;168;233;483;997;1319;3791;2380;1423;671;399;274;;;;
6;224;168;238;492;1029;1323;3773;2335;1406;659;393;269;;;;
7;221;167;248;507;1023;1339;3736;2292;1398;644;389;267;;;;
8;220;166;250;510;1029;1368;3692;2255;1398;629;385;265;;;;
9;216;166;253;528;1036;1409;3660;2215;1332;613;377;259;;;;
10;216;166;259;529;1047;1450;3614;2175;1304;603;373;254;;;;
11;213;167;267;549;1050;1514;3562;2131;1282;582;370;254;;;;
12;212;169;296;556;1047;1559;3485;2094;1259;577;368;249;;;;
13;214;171;294;553;1059;1622;3434;2059;1228;563;363;247;;;;
14;206;174;318;548;1054;1707;3367;2027;1210;552;358;245;;;;
15;202;175;320;562;1052;1810;3302;1986;1181;541;354;243;;;;
16;201;177;320;570;1082;1957;3254;1950;1156;532;352;239;;;;
17;200;179;326;584;1089;2133;3189;1921;1142;521;347;236;;;;
18;200;182;334;629;1111;2331;3147;1893;1113;514;342;234;;;;
19;195;181;348;665;1111;2533;3085;1864;1080;505;335;234;;;;
20;195;183;356;680;1117;2720;3031;1843;1052;498;335;229;;;;
21;194;184;358;709;1119;2871;2977;1804;1028;492;330;227;;;;
22;189;186;364;730;1138;3075;2936;1775;1002;487;326;223;;;;
23;188;187;367;746;1140;3219;2919;1756;968;476;323;220;;;;
24;187;205;379;750;1151;3406;2868;1725;951;469;318;217;;;;
25;186;216;408;764;1169;3541;2816;1701;928;464;315;216;;;;
26;185;205;399;788;1190;3640;2768;1677;891;460;313;211;;;;
27;185;205;406;804;1206;3710;2730;1655;867;451;308;207;;;;
28;183;207;426;817;1219;3770;2690;1626;836;443;302;206;;;;
29;179;209;417;833;;3791;2662;1607;809;438;296;204;;;;
30;175;213;426;836;;3797;2596;1581;788;434;293;200;;;;
31;175;;438;849;;3812;;1549;;425;291;;;;;
;;;;;;;;;;;;;;;;
;;;;;;;;;;;;;;;;
;;Zambezi River At NGONYE RAPIDS;;;;;;;;;;;;;;
;;;;;;;;;;;;;;;;
         ;             ;Daily Flows in Cumecs for the year 2017/18;;;;;;;;;;;;;;
;;;;;;;;;;;;;;;;
Date;     Oct;     Nov;    Dec ;    Jan;    Feb;     Mar;Apr;May;Jun;Jul;Aug;Sep;;;;
1;199;195;246;583;1033;2474;3416;4449;2825;1423;750;452;;;;
2;197;190;250;764;1042;2587;3434;4463;2751;1390;736;443;;;;
3;196;182;259;615;1071;2683;3441;4471;2680;1362;724;440;;;;
4;195;181;276;689;1089;2773;3464;4471;2619;1338;707;438;;;;
5;191;180;278;644;1110;2871;3495;4460;2557;1306;694;434;;;;
6;189;176;278;658;1145;2946;3595;4457;2476;1293;680;427;;;;
7;191;175;282;653;1228;3016;3655;4449;2414;1261;669;422;;;;
8;189;176;291;678;1317;3048;3700;4429;2360;1228;655;416;;;;
9;185;180;310;688;1444;3058;3726;4413;2310;1210;644;413;;;;
10;181;178;307;703;1563;3063;3760;4388;2255;1194;634;404;;;;
11;177;194;316;720;1669;3090;3797;4357;2208;1161;625;399;;;;
12;177;205;321;726;1756;3085;3834;4327;2160;1140;613;392;;;;
13;181;201;326;736;1816;3080;3868;4311;2114;1122;606;390;;;;
14;180;201;332;749;1868;3147;3892;4250;2066;1096;596;387;;;;
15;178;199;342;766;1908;3102;3897;4193;2023;1076;584;383;;;;
16;176;199;350;779;1959;3115;3918;4128;1974;1052;577;379;;;;
17;173;203;362;788;1991;3144;3929;4047;1931;1031;563;375;;;;
18;172;206;374;807;2003;3164;3940;3966;1891;1007;556;368;;;;
19;170;206;387;820;2016;3229;3964;3905;1847;988;543;364;;;;
20;173;206;397;831;2018;3249;4004;3820;1816;968;535;346;;;;
21;184;214;417;842;2027;3272;4052;3736;1781;949;528;342;;;;
22;173;214;444;855;2036;3292;4095;3666;1732;933;517;342;;;;
23;175;221;438;875;2062;3299;4144;3580;1695;916;511;342;;;;
24;176;221;463;886;2103;3329;4207;3474;1661;895;506;341;;;;
25;178;222;492;901;2151;3329;4256;3380;1618;873;499;340;;;;
26;180;227;500;919;2197;3327;4308;3279;1585;855;494;339;;;;
27;181;229;516;933;2263;3327;4349;3207;1553;836;487;335;;;;
28;178;234;553;953;2367;3347;4385;3129;1516;820;477;332;;;;
29;208;238;535;968;;3365;4413;3043;1485;798;473;329;;;;
30;211;241;553;990;;3385;4432;2970;1450;785;467;326;;;;
31;205;;569;1005;;3385;;2897;;771;457;;;;;
;;;;;;;;;;;;;;;;
;;;;;;;;;;;;;;;;
;;Zambezi River At NGONYE RAPIDS;;;;;;;;;;;;;;
;;;;;;;;;;;;;;;;
         ;             ;Daily Flows in Cumecs for the year 2018/19;;;;;;;;;;;;;;
;;;;;;;;;;;;;;;;
Date;     Oct;     Nov;    Dec ;    Jan;    Feb;     Mar;Apr;May;Jun;Jul;Aug;Sep;;;;
1;320;216;229;350;646;854;1033;1161;862;426;311;238;;;;
2;315;217;226;352;650;867;1038;1158;836;420;307;234;;;;
3;308;226;226;393;649;870;1043;1154;807;414;304;234;;;;
4;304;236;226;375;652;873;1047;1143;785;411;302;234;;;;
5;296;235;227;398;661;877;1054;1142;763;407;302;231;;;;
6;293;230;244;409;669;880;1064;1138;746;402;300;229;;;;
7;287;230;238;413;692;888;1071;1133;729;398;298;227;;;;
8;283;227;228;418;689;896;1083;1127;691;393;294;225;;;;
9;278;226;227;422;703;904;1090;1122;663;388;291;221;;;;
10;273;226;226;433;710;908;1101;1117;638;385;288;217;;;;
11;271;226;241;438;721;913;1117;1111;621;384;286;216;;;;
12;268;226;243;447;729;918;1131;1104;603;375;282;215;;;;
13;264;223;248;467;746;918;1133;1099;584;374;282;214;;;;
14;260;220;254;488;754;924;1143;1094;573;369;279;211;;;;
15;257;217;254;487;780;933;1145;1087;557;364;277;209;;;;
16;249;216;256;492;790;936;1158;1080;542;362;276;209;;;;
17;252;215;259;507;796;941;1160;1073;534;359;271;203;;;;
18;249;213;265;507;799;944;1169;1064;529;354;270;201;;;;
19;247;211;265;521;807;951;1167;1055;511;352;267;199;;;;
20;242;209;268;525;807;956;1183;1047;502;345;263;199;;;;
21;239;209;280;542;810;961;1177;1042;492;344;263;195;;;;
22;236;215;266;546;813;966;1183;1035;487;340;260;193;;;;
23;232;216;280;552;820;968;1179;1023;476;339;258;192;;;;
24;228;220;284;553;828;973;1179;1005;468;335;254;190;;;;
25;226;220;290;562;834;983;1179;992;468;334;250;188;;;;
26;224;226;301;573;836;987;1183;980;456;330;248;184;;;;
27;222;226;295;580;839;999;1176;960;450;327;248;182;;;;
28;219;210;296;592;846;1004;1172;949;429;323;247;178;;;;
29;217;233;346;599;;1014;1170;926;438;330;246;177;;;;
30;216;227;342;609;;1017;1165;909;433;317;243;177;;;;
31;215;;340;619;;1007;;885;;315;243;;;;;
;;;;;;;;;;;;;;;;
;;;;;;;;;;;;;;;;
;;Zambezi River At NGONYE RAPIDS;;;;;;;;;;;;;;
;;;;;;;;;;;;;;;;
         ;             ;Daily Flows in Cumecs for the year 2019/20;;;;;;;;;;;;;;
;;;;;;;;;;;;;;;;
Date;     Oct;     Nov;    Dec ;    Jan;    Feb;     Mar;Apr;May;Jun;Jul;Aug;Sep;;;;
1;174;153;243;492;701;1516;3881;4344;2223;1228;710;475;;;;
2;172;151;246;475;706;1679;3847;4278;2179;1205;700;472;;;;
3;172;153;252;480;710;1887;3815;4220;2135;1183;683;465;;;;
4;169;152;258;479;726;2094;3786;4150;2085;1160;675;460;;;;
5;168;151;257;487;738;2310;3786;4082;2044;1140;665;455;;;;
6;167;153;267;490;746;2480;3791;4009;2003;1119;655;448;;;;
7;166;153;270;494;757;2666;3828;3913;1961;1104;646;444;;;;
8;160;156;273;496;777;2799;3873;3831;1914;1082;637;440;;;;
9;160;159;269;503;873;2982;3918;3736;1881;1054;628;438;;;;
10;157;156;296;509;813;3149;3966;3673;1849;1047;621;433;;;;
11;157;168;302;555;820;3307;4009;3598;1810;1028;609;427;;;;
12;159;155;314;548;833;3441;4063;3521;1775;1000;600;426;;;;
13;157;169;324;548;841;3564;4114;3436;1727;988;593;422;;;;
14;158;174;330;557;852;3673;4182;3357;1695;968;582;418;;;;
15;157;175;336;597;868;3778;4226;3282;1641;949;576;416;;;;
16;156;182;353;600;890;3879;4327;3207;1626;936;570;414;;;;
17;156;175;347;592;900;3966;4382;3127;1601;918;560;413;;;;
18;153;174;357;594;908;4055;4435;3056;1565;903;552;412;;;;
19;153;175;367;600;939;4150;4468;2985;1533;890;545;411;;;;
20;154;189;373;613;961;4237;4499;2917;1504;868;535;408;;;;
21;153;179;382;612;985;4286;4510;2842;1477;854;532;406;;;;
22;153;186;387;624;1007;4319;4527;2782;1450;839;528;402;;;;
23;154;192;400;629;1029;4374;4529;2716;1427;826;522;398;;;;
24;155;191;406;634;1061;4352;4546;2652;1396;815;514;390;;;;
25;154;202;413;637;1111;4324;4541;2589;1375;796;495;387;;;;
26;153;202;414;646;1169;4280;4529;2536;1349;783;494;379;;;;
27;154;205;426;650;1206;4199;4507;2485;1323;774;494;374;;;;
28;153;212;416;659;1291;4098;4479;2426;1296;757;492;368;;;;
29;154;222;436;665;1387;4055;4446;2371;1278;747;488;364;;;;
30;151;238;456;674;;3988;4402;2322;1243;735;486;362;;;;
31;152;;456;680;;3966;;2277;;723;479;;;;;
;;;;;;;;;;;;;;;;
;;;;;;;;;;;;;;;;
;;Zambezi River At NGONYE RAPIDS;;;;;;;;;;;;;;
;;;;;;;;;;;;;;;;
         ;             ;Daily Flows in Cumecs for the year 2020/21;;;;;;;;;;;;;;
;;;;;;;;;;;;;;;;
Date;     Oct;     Nov;    Dec ;    Jan;    Feb;     Mar;Apr;May;Jun;Jul;Aug;Sep;;;;
1;358;282;316;625;1267;3614;3058;2941;1872;1147;668;452;;;;
2;353;280;316;637;1306;3614;3036;2943;1849;1124;658;447;;;;
3;351;277;326;652;1343;3614;2989;2955;1816;1111;649;440;;;;
4;341;269;335;659;1392;3647;2941;2936;1797;1087;635;434;;;;
5;340;269;340;671;1425;3658;2919;2919;1777;1071;631;434;;;;
6;337;267;356;685;1459;3611;2880;2885;1748;1045;622;434;;;;
7;330;266;356;697;1535;3590;2854;2842;1715;1029;609;423;;;;
8;328;248;359;716;1599;3539;2825;2801;1693;1007;606;417;;;;
9;327;248;373;761;1667;3518;2792;2763;1671;993;599;413;;;;
10;323;247;389;733;1793;3482;2763;2718;1645;975;586;408;;;;
11;317;247;403;750;1942;3462;2735;2664;1618;954;579;400;;;;
12;315;255;404;760;2068;3441;2704;2612;1595;943;572;399;;;;
13;313;256;435;779;2188;3408;2680;2559;1567;923;566;393;;;;
14;308;259;421;788;2315;3400;2664;2513;1545;906;556;390;;;;
15;304;276;435;820;2442;3375;2650;2462;1514;885;549;387;;;;
16;304;280;467;836;2589;3367;2636;2405;1492;873;539;383;;;;
17;303;284;471;846;2761;3357;2617;2371;1469;863;534;377;;;;
18;303;296;480;873;2883;3360;2608;2324;1444;847;528;372;;;;
19;302;295;488;898;2989;3342;2596;2290;1419;833;524;367;;;;
20;301;296;496;913;3080;3342;2603;2241;1398;817;518;363;;;;
21;301;293;507;958;3197;3327;2619;2199;1371;804;509;357;;;;
22;300;291;514;987;3282;3314;2629;2164;1360;786;505;357;;;;
23;300;295;524;1005;3360;3284;2666;2133;1321;777;498;351;;;;
24;299;288;534;1033;3505;3277;2699;2092;1304;757;492;347;;;;
25;293;288;542;1045;3562;3257;2742;2062;1287;749;491;341;;;;
26;292;296;582;1062;3611;3231;2768;2027;1263;738;490;335;;;;
27;290;293;562;1110;3647;3229;2813;1993;1230;726;479;330;;;;
28;290;320;577;1142;3647;3224;2856;1969;1212;710;473;324;;;;
29;290;307;599;1160;;3182;2897;1944;1188;700;467;322;;;;
30;287;313;606;1188;;3152;2921;1916;1167;689;461;317;;;;
31;285;;615;1232;;3100;;1899;;680;457;;;;;
;;;;;;;;;;;;;;;;
;;;;;;;;;;;;;;;;
;;Zambezi River At NGONYE RAPIDS;;;;;;;;;;;;;;
;;;;;;;;;;;;;;;;
         ;             ;Daily Flows in Cumecs for the year 2021/22;;;;;;;;;;;;;;
;;;;;;;;;;;;;;;;
Date;     Oct;     Nov;    Dec ;    Jan;    Feb;     Mar;Apr;May;Jun;Jul;Aug;Sep;;;;
1;315;282;321;416;883;1317;2543;3125;2064;1069;596;397;;;;
2;311;279;326;436;888;1326;2550;3110;2018;1048;586;394;;;;
3;311;279;326;452;896;1345;2559;3092;1974;1029;576;388;;;;
4;306;278;329;460;924;1377;2564;3080;1929;1007;569;384;;;;
5;303;279;329;484;928;1400;2568;3058;1889;985;559;379;;;;
6;302;284;326;487;944;1417;2580;3041;1855;956;549;375;;;;
7;301;282;333;498;949;1452;2589;3019;1814;938;542;372;;;;
8;296;280;333;522;965;1494;2589;3009;1773;916;536;364;;;;
9;295;279;344;542;968;1555;2580;2992;1736;896;528;359;;;;
10;293;280;347;542;999;1613;2577;2960;1703;878;524;358;;;;
11;291;282;348;560;1011;1693;2575;2936;1669;860;516;354;;;;
12;283;282;354;582;1045;1775;2580;2902;1626;839;509;351;;;;
13;278;282;354;592;1069;1899;2591;2873;1593;818;502;345;;;;
14;276;284;362;634;1082;1959;2575;2844;1555;804;498;340;;;;
15;275;298;365;619;1089;2040;2650;2816;1527;786;488;335;;;;
16;274;293;368;616;1103;2122;2673;2770;1496;775;484;332;;;;
17;274;299;362;634;1122;2186;2697;2716;1461;764;479;328;;;;
18;271;310;368;649;1133;2246;2737;2683;1429;747;473;327;;;;
19;277;315;383;650;1154;2301;2777;2645;1398;730;467;323;;;;
20;285;316;385;669;1161;2337;2804;2601;1377;716;463;327;;;;
21;284;316;380;674;1170;2355;2849;2561;1347;706;452;315;;;;
22;282;313;395;685;1187;2367;2902;2513;1315;695;448;314;;;;
23;285;313;406;695;1228;2387;2946;2448;1285;680;446;311;;;;
24;284;310;408;716;1236;2412;3009;2410;1250;671;439;308;;;;
25;285;316;408;721;1245;2430;3041;2358;1225;658;435;303;;;;
26;280;314;413;740;1267;2451;3085;2319;1194;649;427;301;;;;
27;276;303;414;755;1285;2462;3112;2277;1170;638;421;296;;;;
28;275;303;412;833;1304;2474;3132;2232;1140;629;420;296;;;;
29;274;307;418;849;;2492;3142;2188;1119;619;411;293;;;;
30;277;318;418;857;;2510;3134;2149;1097;609;406;291;;;;
31;280;;425;881;;2536;;2105;;600;400;;;;;
;;;;;;;;;;;;;;;;
;;;;;;;;;;;;;;;;
;;Zambezi River At NGONYE RAPIDS;;;;;;;;;;;;;;
;;;;;;;;;;;;;;;;
         ;             ;Daily Flows in Cumecs for the year 2022/23;;;;;;;;;;;;;;
;;;;;;;;;;;;;;;;
Date;     Oct;     Nov;    Dec ;    Jan;    Feb;     Mar;Apr;May;Jun;Jul;Aug;Sep;;;;
1;287;213;367;569;1089;2704;2062;2419;2173;1140;613;413;;;;
2;282;223;369;584;1115;2694;2051;2478;2116;1119;605;409;;;;
3;280;216;372;587;1167;2692;2021;2529;2081;1099;599;402;;;;
4;279;220;375;596;1232;2692;2008;2575;2038;1080;587;398;;;;
5;278;215;379;600;1315;2690;1993;2650;1991;1052;577;393;;;;
6;278;224;382;610;1419;2678;1976;2713;1950;1033;570;389;;;;
7;276;229;397;613;1575;2678;1954;2749;1902;1011;563;385;;;;
8;275;222;404;624;1748;2633;1942;2789;1858;995;559;382;;;;
9;273;223;407;638;1969;2573;1925;2816;1824;965;553;374;;;;
10;269;231;431;643;2151;2564;1902;2847;1783;949;542;370;;;;
11;265;236;431;652;2328;2536;1899;2856;1742;924;532;363;;;;
12;259;247;440;666;2480;2508;1893;2856;1705;906;525;359;;;;
13;258;259;452;672;2577;2458;1887;2856;1671;890;520;354;;;;
14;256;266;456;685;2647;2435;1878;2844;1626;867;511;351;;;;
15;254;288;460;700;2713;2389;1872;2840;1593;852;503;347;;;;
16;252;302;469;710;2744;2367;1872;2825;1555;831;498;344;;;;
17;247;293;499;726;2785;2333;1872;2799;1522;815;494;339;;;;
18;243;301;487;750;2785;2306;1878;2770;1494;798;487;337;;;;
19;243;310;494;761;2785;2283;1893;2737;1469;783;480;334;;;;
20;242;315;500;768;2773;2246;1906;2704;1432;766;477;330;;;;
21;240;318;507;796;2749;2230;1923;2671;1404;750;471;328;;;;
22;236;320;525;833;2730;2221;1950;2626;1381;736;463;324;;;;
23;232;324;531;855;2716;2212;1993;2582;1343;721;457;321;;;;
24;228;323;534;890;2706;2219;2040;2543;1323;707;452;315;;;;
25;226;339;542;913;2728;2204;2077;2517;1296;695;450;314;;;;
26;223;351;541;918;2723;2179;2129;2458;1263;678;439;310;;;;
27;217;351;545;931;2704;2157;2188;2403;1245;669;434;302;;;;
28;216;363;552;976;2704;2129;2237;2349;1217;658;431;301;;;;
29;216;359;553;988;;2127;2301;2310;1196;647;423;299;;;;
30;215;361;560;1011;;2111;2358;2268;1169;635;421;299;;;;
31;216;;563;1040;;2088;;2217;;626;418;;;;;
;;;;;;;;;;;;;;;;
;;;;;;;;;;;;;;;;
;;Zambezi River At NGONYE RAPIDS;;;;;;;;;;;;;;
;;;;;;;;;;;;;;;;
         ;             ;Daily Flows in Cumecs for the year 2023/24;;;;;;;;;;;;;;
;;;;;;;;;;;;;;;;
Date;     Oct;     Nov;    Dec ;    Jan;    Feb;     Mar;Apr;May;Jun;Jul;Aug;Sep;;;;
1;295;277;340;560;809;890;736;852;1052;602;413;288;;;;
2;292;293;344;570;833;883;740;860;1050;593;411;284;;;;
3;288;293;335;582;825;880;744;867;1045;584;402;282;;;;
4;286;292;333;586;829;878;733;877;1035;573;395;277;;;;
5;282;295;332;594;834;878;740;880;1023;566;390;276;;;;
6;279;310;336;616;841;877;746;900;1016;557;388;269;;;;
7;277;299;345;616;844;875;749;906;1002;548;384;266;;;;
8;276;300;347;629;846;867;769;913;993;542;382;263;;;;
9;275;298;352;643;859;865;755;924;980;534;375;260;;;;
10;275;299;350;646;862;859;763;933;963;528;374;257;;;;
11;273;300;369;655;865;854;777;939;949;521;369;255;;;;
12;273;302;373;669;868;849;777;948;934;514;363;253;;;;
13;274;303;387;692;873;836;768;958;913;503;359;247;;;;
14;273;303;406;703;873;829;771;963;893;500;356;244;;;;
15;271;304;409;720;880;818;783;973;872;498;351;244;;;;
16;271;309;421;746;883;818;771;982;852;490;347;243;;;;
17;270;310;436;735;883;802;783;988;831;484;346;241;;;;
18;270;314;463;724;883;801;783;997;807;480;340;236;;;;
19;261;318;459;747;891;791;782;1002;786;473;337;233;;;;
20;259;324;460;746;900;783;782;1012;771;469;332;230;;;;
21;261;323;471;749;895;772;793;1021;750;463;329;227;;;;
22;257;327;476;754;893;764;788;1029;727;454;323;225;;;;
23;261;327;488;761;893;752;788;1036;709;451;323;223;;;;
24;258;334;494;764;890;747;796;1043;692;448;318;223;;;;
25;256;335;502;771;890;740;804;1048;678;440;311;222;;;;
26;254;342;525;777;893;736;813;1052;663;436;310;220;;;;
27;253;333;534;779;906;730;823;1059;649;435;308;215;;;;
28;256;334;529;782;895;724;828;1069;640;431;303;211;;;;
29;263;336;534;794;898;723;834;1059;629;421;301;211;;;;
30;265;334;541;793;;730;839;1055;612;421;295;205;;;;
31;274;;552;799;;736;;1054;;418;294;;;;;
;;;;;;;;;;;;;;;;
             ;;        Zambezi River Authority              ;;;;;;;;;;;;;;
             ;;;;;;;;;;;;;;;;
;;Zambezi River At NGONYE RAPIDS;;;;;;;;;;;;;;
;;;;;;;;;;;;;;;;
         ;             ;Daily Flows in Cumecs for the year 2024/2025;;;;;;;;;;;;;;
;;;;;;;;;;;;;;;;
Date;     Oct;     Nov;    Dec ;    Jan;    Feb;     Mar;Apr;May;Jun;Jul;Aug;Sep;;;;
1;201;163;269;322;528;860;;;;;;;;;;
2;196;163;269;328;534;877;;;;;;;;;;
3;199;165;270;330;545;890;;;;;;;;;;
4;195;169;273;344;553;926;;;;;;;;;;
5;194;169;276;359;556;946;;;;;;;;;;
6;193;172;277;388;562;973;;;;;;;;;;
7;191;173;277;359;572;1007;;;;;;;;;;
8;195;176;285;369;582;1023;;;;;;;;;;
9;191;183;292;370;586;1083;;;;;;;;;;
10;189;186;290;375;596;1122;;;;;;;;;;
11;186;242;290;389;600;1194;;;;;;;;;;
12;183;191;296;390;616;;;;;;;;;;;
13;183;198;298;421;628;;;;;;;;;;;
14;183;202;298;422;640;;;;;;;;;;;
15;196;222;298;425;644;;;;;;;;;;;
16;186;235;295;431;653;;;;;;;;;;;
17;185;236;294;436;665;;;;;;;;;;;
18;182;229;299;444;677;;;;;;;;;;;
19;178;227;298;450;685;;;;;;;;;;;
20;176;230;292;457;700;;;;;;;;;;;
21;175;235;296;471;713;;;;;;;;;;;
22;173;235;296;472;740;;;;;;;;;;;
23;171;240;300;483;752;;;;;;;;;;;
24;171;267;298;500;766;;;;;;;;;;;
25;169;247;300;502;780;;;;;;;;;;;
26;164;255;303;516;812;;;;;;;;;;;
27;164;248;301;517;813;;;;;;;;;;;
28;164;246;303;528;841;;;;;;;;;;;
29;159;255;302;525;;;;;;;;;;;;
30;159;261;311;529;;;;;;;;;;;;
31;162;;315;525;;;;;;;;;;;;